expected time,actual time
1715355917131.7092,1715355922318.2258
0,1715355922332.4324
0,1715355922342.0894
0,1715355922352.112
0,1715355922362.038
0,1715355922372.0483
0,1715355922382.0146
0,1715355922392.0518
0,1715355922402.0337
0,1715355922412.027
0,1715355922422.0386
0,1715355922432.064
0,1715355922442.0457
0,1715355922451.993
0,1715355922462.0527
0,1715355922472.0486
0,1715355922482.0972
0,1715355922492.0493
0,1715355922502.049
0,1715355922512.116
0,1715355922522.052
0,1715355922532.031
0,1715355922542.1123
0,1715355922552.055
0,1715355922562.0415
0,1715355922572.085
0,1715355922582.1013
0,1715355922592.1187
0,1715355922602.0374
0,1715355922612.1182
0,1715355922622.0398
0,1715355922631.9973
0,1715355922642.0422
0,1715355922651.994
0,1715355922661.9866
0,1715355922672.0623
0,1715355922682.0503
0,1715355922691.9941
0,1715355922702.0635
0,1715355922712.1042
0,1715355922722.0505
0,1715355922732.0142
0,1715355922742.0508
0,1715355922752.1245
0,1715355922762.0984
0,1715355922772.041
0,1715355922782.0874
0,1715355922792.0332
0,1715355922802.103
0,1715355922812.0972
0,1715355922822.1265
0,1715355922832.1047
0,1715355922842.1345
0,1715355922852.122
0,1715355922862.0186
0,1715355922872.094
0,1715355922882.1196
0,1715355922892.1545
0,1715355922902.0667
0,1715355922912.108
0,1715355922922.0693
0,1715355922932.1392
0,1715355922942.0664
0,1715355922952.1099
0,1715355922962.0662
0,1715355922972.046
0,1715355922982.0195
0,1715355922992.108
0,1715355923002.069
0,1715355923012.1045
0,1715355923022.0405
0,1715355923032.109
0,1715355923042.1345
0,1715355923052.071
0,1715355923062.1338
0,1715355923072.0513
0,1715355923082.149
0,1715355923092.0876
0,1715355923102.1318
0,1715355923112.1099
0,1715355923122.0671
0,1715355923132.095
0,1715355923142.09
0,1715355923152.062
0,1715355923162.131
0,1715355923172.0955
0,1715355923182.1294
0,1715355923192.0544
0,1715355923202.067
0,1715355923212.157
0,1715355923222.0183
0,1715355923232.1086
0,1715355923242.1064
0,1715355923252.1157
0,1715355923262.1077
0,1715355923272.107
0,1715355923282.0203
0,1715355923292.0051
0,1715355923302.0654
0,1715355923312.09
0,1715355923322.0247
0,1715355923332.0618
0,1715355923342.0227
0,1715355923352.0857
0,1715355923362.054
0,1715355923372.0718
0,1715355923382.1553
0,1715355923392.1086
0,1715355923402.1414
0,1715355923412.111
0,1715355923422.1135
0,1715355923432.0881
0,1715355923442.1255
0,1715355923452.1262
0,1715355923462.1274
0,1715355923472.0598
0,1715355923482.0205
0,1715355923492.1167
0,1715355923502.0117
0,1715355923512.0635
0,1715355923522.0203
0,1715355923532.1172
0,1715355923542.1904
0,1715355923552.1165
0,1715355923562.0793
0,1715355923572.1152
0,1715355923582.0237
0,1715355923592.104
0,1715355923602.0269
0,1715355923612.082
0,1715355923622.056
0,1715355923632.1172
0,1715355923642.0408
0,1715355923652.0552
0,1715355923662.0537
0,1715355923672.0415
0,1715355923681.9927
0,1715355923692.034
0,1715355923702.1199
0,1715355923712.0686
0,1715355923722.0388
0,1715355923732.0537
0,1715355923742.0793
0,1715355923752.1335
0,1715355923762.0776
0,1715355923772.0693
0,1715355923782.022
0,1715355923792.052
0,1715355923802.0774
0,1715355923812.1533
0,1715355923822.0974
0,1715355923832.1313
0,1715355923842.108
0,1715355923852.008
0,1715355923862.0325
0,1715355923872.1345
0,1715355923882.08
0,1715355923892.055
0,1715355923902.079
0,1715355923912.061
0,1715355923922.088
0,1715355923932.0603
0,1715355923942.099
0,1715355923952.1277
0,1715355923962.0195
0,1715355923972.06
0,1715355923982.0947
0,1715355923992.068
0,1715355924002.133
0,1715355924012.0667
0,1715355924022.0952
0,1715355924032.1025
0,1715355924042.105
0,1715355924052.1294
0,1715355924062.1208
0,1715355924072.1294
0,1715355924082.0635
0,1715355924092.063
0,1715355924102.0269
0,1715355924112.0557
0,1715355924122.0164
0,1715355924132.1326
0,1715355924142.0864
0,1715355924152.0732
0,1715355924162.0186
0,1715355924172.0579
0,1715355924182.116
0,1715355924192.0857
0,1715355924202.0745
0,1715355924212.1313
0,1715355924222.116
0,1715355924232.0168
0,1715355924242.0786
0,1715355924252.1099
0,1715355924262.1113
0,1715355924272.1162
0,1715355924282.016
0,1715355924292.086
0,1715355924302.095
0,1715355924312.044
0,1715355924322.0134
0,1715355924332.0183
0,1715355924342.0952
0,1715355924352.0908
0,1715355924362.101
0,1715355924372.0393
0,1715355924382.04
0,1715355924392.0964
0,1715355924402.0212
0,1715355924412.038
0,1715355924422.0393
0,1715355924432.059
0,1715355924442.0417
0,1715355924452.0593
0,1715355924462.0227
0,1715355924472.071
0,1715355924482.0356
0,1715355924492.1304
0,1715355924502.0984
0,1715355924512.0586
0,1715355924522.0403
0,1715355924532.0679
0,1715355924542.119
0,1715355924552.169
0,1715355924562.1213
0,1715355924572.1309
0,1715355924582.1238
0,1715355924592.0576
0,1715355924602.1233
0,1715355924612.0972
0,1715355924622.0928
0,1715355924632.0977
0,1715355924642.1638
0,1715355924652.055
0,1715355924662.0264
0,1715355924672.0698
0,1715355924682.079
0,1715355924692.0127
0,1715355924702.0269
0,1715355924712.1414
0,1715355924722.1235
0,1715355924732.0562
0,1715355924742.0647
0,1715355924752.0642
0,1715355924762.0383
0,1715355924772.0793
0,1715355924782.1313
0,1715355924792.1147
0,1715355924802.0935
0,1715355924812.138
0,1715355924822.0085
0,1715355924832.024
0,1715355924842.0925
0,1715355924852.065
0,1715355924862.0916
0,1715355924872.142
0,1715355924882.0237
0,1715355924892.0554
0,1715355924902.0
0,1715355924912.0674
0,1715355924922.0012
0,1715355924932.055
0,1715355924942.0535
0,1715355924952.095
0,1715355924962.1252
0,1715355924972.044
0,1715355924982.104
0,1715355924992.0513
0,1715355925002.0344
0,1715355925012.091
0,1715355925022.1174
0,1715355925032.0647
0,1715355925042.0247
0,1715355925052.082
0,1715355925062.0066
0,1715355925072.1338
0,1715355925082.048
0,1715355925092.021
0,1715355925102.0425
0,1715355925112.075
0,1715355925122.0054
0,1715355925132.1116
0,1715355925142.0142
0,1715355925152.065
0,1715355925162.1316
0,1715355925172.0781
