Frame,Timestamp
1,0.40052489200024866
2,0.560235543991439
3,0.5718817409942858
4,0.5843199619848747
5,0.6009401560004335
6,0.6176930969813839
7,0.6345438869902864
8,0.6513350309978705
9,0.6681515270029195
10,0.684919611987425
11,0.7017241139838006
12,0.7185084509837907
13,0.7355816279887222
14,0.752274481987115
15,0.7689342619851232
16,0.7857062899856828
17,0.802499354002066
18,0.8192990179813933
19,0.8362579460081179
20,0.8529366189904977
21,0.869709922990296
22,0.8865082179836463
23,0.9033071449957788
24,0.9201452340057585
25,0.9368926160095725
26,0.9536809849960264
27,0.9704433979932219
28,0.9872868439997546
29,1.0040841669833753
30,1.020919764006976
31,1.037678884982597
32,1.0546197099902201
33,1.0712659310083836
34,1.088122059009038
35,1.1048822680022568
36,1.1217158430081327
37,1.1384928690094966
38,1.1553142119955737
39,1.172196642990457
40,1.1889396059850696
41,1.2060410309932195
42,1.2228272279899102
43,1.2396329469920602
44,1.256170895008836
45,1.2731900299841072
46,1.2900934130011592
47,1.306769268005155
48,1.3235426289902534
49,1.3403906099847518
50,1.3571751859853975
51,1.3739814379950985
52,1.3908241250028368
53,1.4076656920078676
54,1.4240564549982082
55,1.4408591550018173
56,1.4576324649970047
57,1.4745431409974117
58,1.4912607609876432
59,1.5081404380034655
60,1.5248262609820813
61,1.5417425589985214
62,1.558457406994421
63,1.5752150180051103
64,1.5920616959920153
65,1.6090882039861754
66,1.6257427829841617
67,1.6425361119909212
68,1.6592033079941757
69,1.6761452089995146
70,1.6928083839884493
71,1.7096028800006025
72,1.7263905279978644
73,1.7432399499812163
74,1.7600307579850778
75,1.7768541219993494
76,1.793631392007228
77,1.8104231320030522
78,1.8272197810001671
79,1.8440179390017875
80,1.8610583170084283
81,1.8776218649873044
82,1.8944341339811217
83,1.9113825899839867
84,1.9280094720015768
85,1.9448090709920507
86,1.961718139005825
87,1.978574871987803
88,1.9952929310093168
89,2.011987286998192
90,2.028803755994886
91,2.0456011520000175
92,2.0624031799961813
93,2.079312633984955
94,2.0959990120027214
95,2.112798793008551
96,2.129598316998454
97,2.1463568760082126
98,2.1632203229819424
99,2.179982971982099
100,2.1967894829867873
101,2.2136282059946097
102,2.230416395002976
103,2.2471925879945047
104,2.2639850869891234
105,2.280780506989686
106,2.2975699630042072
107,2.3143831529887393
108,2.3311926549940836
109,2.3479924440034665
110,2.364798658993095
111,2.3815920570050366
112,2.39837910499773
113,2.41518101899419
114,2.431978481996339
115,2.4487928449816536
116,2.465579390001949
117,2.4823824979830533
118,2.4991706699947827
119,2.515974843990989
120,2.532771647995105
121,2.5495701849868055
122,2.566464482981246
123,2.5831278630066663
124,2.600194750004448
125,2.616867723991163
126,2.6336611489823554
127,2.6503392239974346
128,2.6671499279909767
129,2.683972297993023
130,2.7006985920015723
131,2.717531682981644
132,2.7343074179952964
133,2.751098860986531
134,2.7681754209916107
135,2.784889586007921
136,2.80155333399307
137,2.8183584380021784
138,2.8352417149872053
139,2.8520423059817404
140,2.8688555090047885
141,2.885751394002
142,2.9023659770027734
143,2.9192085480026435
144,2.9359130850061774
145,2.952734608988976
146,2.969501334009692
147,2.9863182450062595
148,3.003091875987593
149,3.019918540987419
150,3.0367427119927015
151,3.0534911249997094
152,3.0702871510002296
153,3.0870848069898784
154,3.1038886919850484
155,3.120713081996655
156,3.137498336000135
157,3.1543467459850945
158,3.171136379998643
159,3.187901637982577
160,3.2046689389972016
161,3.221499215986114
162,3.238318755000364
163,3.255082538991701
164,3.2720012909849174
165,3.288813613005914
166,3.3054847400053404
167,3.322331431991188
168,3.339058766985545
169,3.3558675780077465
170,3.372727390989894
171,3.3894605269888416
172,3.406305415002862
173,3.423066500981804
174,3.4399712010053918
175,3.456681651994586
176,3.473568121989956
177,3.4902827329933643
178,3.5071959210035857
179,3.5238700690097176
180,3.540721854980802
181,3.5575117740081623
182,3.574334953998914
183,3.591064093983732
184,3.6078820989932865
185,3.6246908899920527
186,3.6414759979816154
187,3.658252873981837
188,3.6750532489968464
189,3.6918462789908517
190,3.708726940007182
191,3.7254611359967384
192,3.7422779129992705
193,3.75905083399266
194,3.7758926039969083
195,3.792739234981127
196,3.809487555990927
197,3.826340818981407
198,3.843182070995681
199,3.8599319479835685
200,3.8766480929916725
201,3.8934427899948787
202,3.9102467359916773
203,3.9270691099809483
204,3.943853720993502
205,3.9607553060050122
206,3.977442859992152
207,3.994412256986834
208,4.011125549004646
209,4.027818592992844
210,4.044657204009127
211,4.061545078002382
212,4.078344949986786
213,4.095137119002175
214,4.1119572870084085
215,4.128786068991758
216,4.145437878993107
217,4.1622177730023395
218,4.179012442007661
219,4.195813840982737
220,4.212651790003292
221,4.229461982991779
222,4.246321212995099
223,4.2630127079901285
224,4.2798013880092185
225,4.296630266995635
226,4.313410647999262
227,4.330210351006826
228,4.347164659993723
229,4.363852771988604
230,4.380736988998251
231,4.397433481994085
232,4.414454090001527
233,4.431026643986115
234,4.447858000989072
235,4.464611696981592
236,4.481392872985452
237,4.498183866991894
238,4.514979906991357
239,4.531819477007957
240,4.548649653996108
241,4.565408213995397
242,4.582190251996508
243,4.598984042007942
244,4.615815055993153
245,4.632639425981324
246,4.649406518001342
247,4.666211707983166
248,4.682993720984086
249,4.699966549989767
250,4.716623101994628
251,4.733399732998805
252,4.7503000239958055
253,4.767011369985994
254,4.783875595981954
255,4.800601377995918
256,4.8173733099829406
257,4.8342025479942095
258,4.851026329008164
259,4.867917989002308
260,4.88462385800085
261,4.901409434998641
262,4.918187565985136
263,4.934978623001371
264,4.951787388999946
265,4.968636372999754
266,4.9854188229946885
267,5.002293786004884
268,5.018982690002304
269,5.035947494005086
270,5.052697031991556
271,5.069421089981915
272,5.0861727299925406
273,5.10296068500611
274,5.119716084009269
275,5.136537171987584
276,5.15332617299282
277,5.170186212984845
278,5.186963875981746
279,5.203822735988069
280,5.220653794007376
281,5.237432082009036
282,5.254194998007733
283,5.271033234981587
284,5.287749593000626
285,5.304696589009836
286,5.3213184000051115
287,5.338144909997936
288,5.35494639899116
289,5.3717109260032885
290,5.38857344299322
291,5.40532268199604
292,5.422137396002654
293,5.43897340100375
294,5.455764994985657
295,5.472549105994403
296,5.489352645992767
297,5.506120788981207
298,5.522945289005293
299,5.539960028982023
300,5.556585207988974
301,5.573341662005987
302,5.5901394370011985
303,5.60693578099017
304,5.623713395005325
305,5.640669182990678
306,5.657521491986699
307,5.674133859982248
308,5.690932078985497
309,5.707733521005139
310,5.724557501991512
311,5.741324348986382
312,5.758096167002805
313,5.775124951993348
314,5.791718416992808
315,5.808530862996122
316,5.825277769996319
317,5.84227225399809
318,5.85892154200701
319,5.8757187179871835
320,5.892551622004248
321,5.909317737008678
322,5.926093885005685
323,5.942914794984972
324,5.959733558993321
325,5.976535508991219
326,5.9933064070064574
327,6.010107318987139
328,6.026905770006124
329,6.0437041349941865
330,6.06053253900609
331,6.077297785988776
332,6.0941009070083965
333,6.11087415998918
334,6.127699603996007
335,6.144506651995471
336,6.161540689994581
337,6.178092249989277
338,6.194890084007056
339,6.211663358000806
340,6.228496706986334
341,6.245283814991126
342,6.262106346985092
343,6.279109595983755
344,6.295639124989975
345,6.31253255699994
346,6.329294644994661
347,6.346129846002441
348,6.362871707009617
349,6.379677021002863
350,6.396507216006285
351,6.413261693000095
352,6.430011938995449
353,6.446846659004223
354,6.463752415002091
355,6.480504248989746
356,6.49726648099022
357,6.51401990200975
358,6.530846363981254
359,6.547629785985919
360,6.564477128005819
361,6.581286047003232
362,6.5980488669883925
363,6.6149233559845015
364,6.631625023990637
365,6.648451076995116
366,6.665212984982645
367,6.682028958981391
368,6.698816532007186
369,6.715642545983428
370,6.732452853990253
371,6.749267701001372
372,6.766210056986893
373,6.7828310879995115
374,6.799598983983742
375,6.816488813987235
376,6.833256601006724
377,6.850030219997279
378,6.8668115339824
379,6.883630386990262
380,6.900474961992586
381,6.9172126349876635
382,6.934184738987824
383,6.950821729988093
384,6.967610764986603
385,6.984444982983405
386,7.0012444790045265
387,7.018001825985266
388,7.034802234004019
389,7.0516045639815275
390,7.068451783008641
391,7.085195096995449
392,7.102001417981228
393,7.118799604009837
394,7.135576921980828
395,7.152402276988141
396,7.169196322996868
397,7.186088146001566
398,7.202811851981096
399,7.219568247004645
400,7.236452028999338
401,7.253213755990146
402,7.269952333997935
403,7.286755834007636
404,7.303553792007733
405,7.320414221991086
406,7.3371796119899955
407,7.354000930004986
408,7.370770061999792
409,7.38757941298536
410,7.404461241996614
411,7.42117541198968
412,7.4381198909832165
413,7.45477650500834
414,7.471604627993656
415,7.488435523991939
416,7.505179839004995
417,7.52200070899562
418,7.538737433991628
419,7.555696044000797
420,7.57250498898793
421,7.589266925002448
422,7.605957902007503
423,7.622873030981282
424,7.639658772997791
425,7.656485882005654
426,7.673279574984917
427,7.689963388984324
428,7.706757526000729
429,7.723592930997256
430,7.740506976988399
431,7.757132319995435
432,7.774051140004303
433,7.79074926499743
434,7.807551706995582
435,7.824370274989633
436,7.841147758997977
437,7.857947768003214
438,7.874745526001789
439,7.891543982987059
440,7.908389247982996
441,7.925110559997847
442,7.942029261001153
443,7.958739592984784
444,7.975531367992517
445,7.992373146000318
446,8.009107274003327
447,8.025939357990865
448,8.042734307993669
449,8.059529486985411
450,8.076360659004422
451,8.093165092985146
452,8.109927983983653
453,8.1267035859928
454,8.143499309982872
455,8.160388972988585
456,8.17712141800439
457,8.193929548986489
458,8.210718908987474
459,8.227513955003815
460,8.24438298898167
461,8.261114221008029
462,8.278066783997929
463,8.294709562993376
464,8.311516357003711
465,8.328331812983379
466,8.345106649998343
467,8.361905665980885
468,8.378662236995297
469,8.395460726984311
470,8.412304658995708
471,8.429101479006931
472,8.445865724992473
473,8.462684261990944
474,8.479486147989519
475,8.496356196992565
476,8.513081912009511
477,8.529886144009652
478,8.546680889994605
479,8.563508207997074
480,8.580300789006287
481,8.597104563988978
482,8.613889572006883
483,8.630686516989954
484,8.64749066400691
485,8.664321807998931
486,8.68108649700298
487,8.69784685599734
488,8.714672200003406
489,8.73145802799263
490,8.748339840996778
491,8.765185333992122
492,8.781866892997641
493,8.798669213982066
494,8.815443428989965
495,8.83231643299223
496,8.849091148993466
497,8.86586353200255
498,8.882663292984944
499,8.899459270003717
500,8.916316992981592
501,8.93305625699577
502,8.949841539986664
503,8.966649351001251
504,8.983445632009534
505,9.000305255991407
506,9.017069152003387
507,9.033868052007165
508,9.050604766001925
509,9.067590791004477
510,9.08430151999346
511,9.10102800000459
512,9.117950722982641
513,9.134669527004007
514,9.15147156198509
515,9.16839592900942
516,9.185033158981241
517,9.202011902001686
518,9.21865645700018
519,9.235430559987435
520,9.252295390993822
521,9.26904880499933
522,9.285859010997228
523,9.30266145200585
524,9.319384690985316
525,9.336278750997735
526,9.35304667300079
527,9.369798572995933
528,9.386591477988986
529,9.40338402899215
530,9.420240134000778
531,9.437055199989118
532,9.453791885985993
533,9.470618466992164
534,9.487390730006155
535,9.504351962998044
536,9.521028988005128
537,9.5378378519963
538,9.554635353008052
539,9.571391784993466
540,9.588268999999855
541,9.60503624699777
542,9.621834016987123
543,9.63861895800801
544,9.655420533003053
545,9.672304788982728
546,9.689004635991296
547,9.7058219719911
548,9.722610775992507
549,9.73947987498832
550,9.756225397984963
551,9.773117757984437
552,9.789799794001738
553,9.80667108099442
554,9.823422116984148
555,9.840335688990308
556,9.857010595995234
557,9.873914021998644
558,9.890586333989631
559,9.90749093098566
560,9.924256320984568
561,9.941194910003105
562,9.957787769002607
563,9.974648739997065
564,9.991403369000182
565,10.008252833009465
566,10.025122074002866
567,10.04176888600341
568,10.058634944987716
569,10.075396681000711
570,10.092214901000261
571,10.108969422988594
572,10.125797949993284
573,10.142579912004294
574,10.159394924005028
575,10.176203904004069
576,10.192996486002812
577,10.209874881984433
578,10.226581067981897
579,10.243388722999953
580,10.260234212997602
581,10.276947028993163
582,10.293742868991103
583,10.310584388993448
584,10.327352438005619
585,10.344233356998302
586,10.360981123987585
587,10.377938463992905
588,10.394534994004061
589,10.41133772500325
590,10.42823164598667
591,10.444972567987861
592,10.461767961009173
593,10.47855850000633
594,10.495351844001561
595,10.512211577995913
596,10.528979750000872
597,10.545762352994643
598,10.562656855006935
599,10.57931944198208
600,10.596179455984384
601,10.61291921499651
602,10.629716544004623
603,10.646516551001696
604,10.663443145982455
605,10.680133529007435
606,10.69690399398678
607,10.71368079999229
608,10.730506730003981
609,10.74730597800226
610,10.764081342989812
611,10.780946549988585
612,10.797739431989612
613,10.81453571698512
614,10.83135776699055
615,10.84812393100583
616,10.864930926996749
617,10.881738806987414
618,10.898530920996564
619,10.915313042001799
620,10.932147660001647
621,10.948920641996665
622,10.965731069998583
623,10.982525164989056
624,10.999324631004129
625,11.016129295981955
626,11.03292285799398
627,11.049750525999116
628,11.0665232570027
629,11.083319573983317
630,11.100083283992717
631,11.116911302990047
632,11.133712755981833
633,11.150508110993542
634,11.167302804999053
635,11.184128166001756
636,11.200875826994888
637,11.217871444008779
638,11.234468807000667
639,11.251316479989327
640,11.268304969009478
641,11.284964741993463
642,11.30172298598336
643,11.31845966700348
644,11.335273439995944
645,11.352118014998268
646,11.368847045989241
647,11.385665615991456
648,11.402508175000548
649,11.419249947008211
650,11.436080657993443
651,11.453008207987295
652,11.469678141002078
653,11.486494235985447
654,11.503207180008758
655,11.52007616800256
656,11.536842589004664
657,11.553677441988839
658,11.570437977003166
659,11.587245383008849
660,11.604050163005013
661,11.620946345006814
662,11.637765330990078
663,11.654471643007128
664,11.671237336995546
665,11.688034438993782
666,11.704858790006256
667,11.72160093698767
668,11.738400973001262
669,11.755360531999031
670,11.772171632008394
671,11.78893874300411
672,11.805725963989971
673,11.822534717997769
674,11.839352103997953
675,11.856032997980947
676,11.872826637991238
677,11.889638819993706
678,11.906433522002771
679,11.923233623994747
680,11.940010694990633
681,11.956849201000296
682,11.973647331993561
683,11.990437272004783
684,12.007215649005957
685,12.024007998988964
686,12.04079824098153
687,12.057581950997701
688,12.074409207998542
689,12.091234925988829
690,12.108009360003052
691,12.1248282410088
692,12.141709457995603
693,12.158412586984923
694,12.175322966009844
695,12.192404072004138
696,12.208913712995127
697,12.225709949998418
698,12.242431291990215
699,12.259219972998835
700,12.276072440989083
701,12.29286262099049
702,12.309674891992472
703,12.326470803003758
704,12.343318625993561
705,12.36009729799116
706,12.376801714999601
707,12.393607814999996
708,12.41037614599918
709,12.427198874007445
710,12.444002312986413
711,12.460798510990571
712,12.477518208004767
713,12.494390006992035
714,12.51117237098515
715,12.527987784007564
716,12.544761878001736
717,12.56158998599858
718,12.578358781000134
719,12.595183723984519
720,12.61194947399781
721,12.628830909001408
722,12.645556643983582
723,12.662340882990975
724,12.679177248006454
725,12.696129675983684
726,12.712807261006674
727,12.729564715002198
728,12.746461422997527
729,12.763241634995211
730,12.780085197009612
731,12.796765097999014
732,12.813573302002624
733,12.830362154985778
734,12.847187684004894
735,12.863953852007398
736,12.88089014700381
737,12.897687738994136
738,12.914343445998384
739,12.93115582599421
740,12.947947406006278
741,12.964785680000205
742,12.98167795300833
743,12.998477769986494
744,13.015167895995546
745,13.032054813986178
746,13.048780252982397
747,13.065655593993142
748,13.082449824985815
749,13.099136992997956
750,13.115933580003912
751,13.132757760002278
752,13.149624557001516
753,13.166338501992868
754,13.183132392994594
755,13.1999441839871
756,13.21679396100808
757,13.233528037992073
758,13.25033150598756
759,13.267124837002484
760,13.283932652004296
761,13.300826838007197
762,13.31752738999785
763,13.33444438999868
764,13.351111741008935
765,13.367893747985363
766,13.384680082002888
767,13.401688743004343
768,13.418423742987216
769,13.435086961981142
770,13.45204223098699
771,13.46870299699367
772,13.485505330987507
773,13.502327011985471
774,13.519147926999722
775,13.536028483998962
776,13.552664511982584
777,13.569465275999391
778,13.58638040398364
779,13.603222637990257
780,13.61995758098783
781,13.636685145000229
782,13.653529995994177
783,13.670294315990759
784,13.687065709993476
785,13.70385059498949
786,13.720755493995966
787,13.737525409989757
788,13.754378223005915
789,13.771075706987176
790,13.787870911008213
791,13.804688159987563
792,13.821499579993542
793,13.838244141981704
794,13.855048244993668
795,13.871907072985778
796,13.88864379399456
797,13.905508989002556
798,13.92228622600669
799,13.939133956999285
800,13.955881095986115
801,13.97267679599463
802,13.989454325987026
803,14.006284517003223
804,14.02307014199323
805,14.039870111999335
806,14.056774969008984
807,14.073423872992862
808,14.090283591998741
809,14.107185851986287
810,14.123846787988441
811,14.140679746982642
812,14.157418590999441
813,14.174280679988442
814,14.191101481002988
815,14.207883258000948
816,14.224699746991973
817,14.241479174990673
818,14.258239644987043
819,14.275069589988561
820,14.291895807982655
821,14.308671212987974
822,14.32546186298714
823,14.342267726984574
824,14.359066353994422
825,14.37596973098698
826,14.392800703004468
827,14.409426214988343
828,14.426242416986497
829,14.443026381981326
830,14.459834000008414
831,14.476659757987363
832,14.493420457001776
833,14.510251572006382
834,14.527018674009014
835,14.543863564002095
836,14.56072252499871
837,14.577423631999409
838,14.594230593997054
839,14.611018497991608
840,14.627873618999729
841,14.644831290002912
842,14.661463299999014
843,14.678250520984875
844,14.69511733998661
845,14.71202680899296
846,14.728718784986995
847,14.745520328986458
848,14.762301217007916
849,14.779147192981327
850,14.795840389997466
851,14.812751585006481
852,14.829528729984304
853,14.846339423995232
854,14.86301151299267
855,14.879863121983362
856,14.896608588984236
857,14.913432962988736
858,14.930263736983761
859,14.947007784998277
860,14.963839175004978
861,14.980693710997002
862,14.997517688985681
863,15.014241694007069
864,15.031065946008312
865,15.047801856009755
866,15.064748567005154
867,15.08151008799905
868,15.098318753996864
869,15.115069375984604
870,15.131792433006922
871,15.14865407999605
872,15.165373573981924
873,15.182173267006874
874,15.19894552900223
875,15.215743440989172
876,15.23260829699575
877,15.24950397000066
878,15.266191342001548
879,15.282969057006994
880,15.299805332993856
881,15.316585088992724
882,15.33336952899117
883,15.350234265992185
884,15.366959098988445
885,15.383773752982961
886,15.400597316009225
887,15.417357455007732
888,15.434152387984795
889,15.45093240600545
890,15.46792001099675
891,15.484586350008612
892,15.501343140989775
893,15.518143552995753
894,15.534971029992448
895,15.551783286995487
896,15.568600609985879
897,15.585416882007848
898,15.602108408987988
899,15.61895993698272
900,15.63573926500976
901,15.6526972319989
902,15.669340405991534
903,15.68613550500595
904,15.702935470006196
905,15.719758546008961
906,15.736709643009817
907,15.753458154009422
908,15.77032585098641
909,15.786915297008818
910,15.80371496200678
911,15.820545135007706
912,15.837540741980774
913,15.854145416989923
914,15.870884589006891
915,15.887718287995085
916,15.904575111984741
917,15.921408691996476
918,15.938212837994797
919,15.954895722999936
920,15.971817017009016
921,15.988523079984589
922,16.005315004993463
923,16.022110546997283
924,16.03891036400455
925,16.055798343004426
926,16.07260264499928
927,16.089301661995705
928,16.106093899987172
929,16.122897346998798
930,16.139707036985783
931,16.156511298991973
932,16.173273822991177
933,16.190112997981487
934,16.206892871996388
935,16.22390438700677
936,16.240530245995615
937,16.257313406997127
938,16.274065565987257
939,16.29088075598702
940,16.30769559799228
941,16.324496544984868
942,16.341293140983908
943,16.358113160997164
944,16.37487711798167
945,16.391673364007147
946,16.408651454985375
947,16.425413307006238
948,16.442081827000948
949,16.458902126993053
950,16.47574628799339
951,16.49256814099499
952,16.50937479600543
953,16.526029189000838
954,16.542825963988435
955,16.55963187699672
956,16.576515747990925
957,16.593262810987653
958,16.610065882006893
959,16.626870139007224
960,16.643675783998333
961,16.660534339986043
962,16.6772569269815
963,16.694096054008696
964,16.710896017990308
965,16.727680035983212
966,16.744513042009203
967,16.76127874298254
968,16.778070405998733
969,16.79503865900915
970,16.811661429004744
971,16.828505432000384
972,16.845270632999018
973,16.862171199987642
974,16.87896688398905
975,16.89571535398136
976,16.912510631984333
977,16.929251091001788
978,16.946066614007577
979,16.96289516898105
980,16.979895055003
981,16.99655600899132
982,17.013341669982765
983,17.03016606598976
984,17.046930951997638
985,17.063730371999554
986,17.080608888005372
987,17.097252768988255
988,17.114075377990957
989,17.130820160993608
990,17.147728003008524
991,17.164621039002668
992,17.181365806987742
993,17.198039435985265
994,17.21489509998355
995,17.231665909988806
996,17.248512113001198
997,17.26522468798794
998,17.282111582986545
999,17.29876469098963
1000,17.315608108008746
1001,17.332544978999067
1002,17.349310627992963
1003,17.366016547981417
1004,17.382787484006258
1005,17.399817144992994
1006,17.416475748992525
1007,17.433215672994265
1008,17.450031412998214
1009,17.466834763996303
1010,17.483597129001282
1011,17.500439452996943
1012,17.517236979998415
1013,17.534020425984636
1014,17.550823195982957
1015,17.567628566001076
1016,17.58455201398465
1017,17.60134189898963
1018,17.618013191007776
1019,17.634818425984122
1020,17.65162032598164
1021,17.668448053009342
1022,17.68521296099061
1023,17.70201150298817
1024,17.718856289982796
1025,17.735613967990503
1026,17.752458825008944
1027,17.769208343990613
1028,17.78601631199126
1029,17.80279838599381
1030,17.81960936100222
1031,17.836467287008418
1032,17.853172323986655
1033,17.869993244006764
1034,17.88679932098603
1035,17.903591087990208
1036,17.92036612800439
1037,17.937277368007926
1038,17.954079171002377
1039,17.97076895099599
1040,17.987533223989885
1041,18.004405752988532
1042,18.021164598001633
1043,18.037925960001303
1044,18.05476029298734
1045,18.071559490985237
1046,18.088368311990052
1047,18.105160428996896
1048,18.122048386983806
1049,18.138751631980995
1050,18.155523930006893
1051,18.1723811510019
1052,18.18913638399681
1053,18.205937161983456
1054,18.222745637991466
1055,18.239545947988518
1056,18.256379615981132
1057,18.273136269999668
1058,18.2899390909879
1059,18.30671670299489
1060,18.323514229996363
1061,18.340340261987876
1062,18.357256001007045
1063,18.37388996098889
1064,18.390842016990064
1065,18.40751011300017
1066,18.424344990984537
1067,18.441118313989136
1068,18.45789704998606
1069,18.47488917299779
1070,18.491509451996535
1071,18.508410245995037
1072,18.52515525999479
1073,18.542032719007693
1074,18.558740075008245
1075,18.5755410999991
1076,18.592355536005925
1077,18.609128796000732
1078,18.625932138005737
1079,18.642702165991068
1080,18.65950488098315
1081,18.676338602992473
1082,18.693139173992677
1083,18.709932948986534
1084,18.7268252770009
1085,18.743526898004347
1086,18.760368221002864
1087,18.77709629799938
1088,18.79392604000168
1089,18.810726260999218
1090,18.82753288600361
1091,18.844356441986747
1092,18.86110628800816
1093,18.877857763000065
1094,18.894654978008475
1095,18.911449535982683
1096,18.928359513985924
1097,18.945086924999487
1098,18.961868938000407
1099,18.97869761500624
1100,18.99562500999309
1101,19.012307155993767
1102,19.029073024983518
1103,19.045903310994618
1104,19.06267329500406
1105,19.07949310800177
1106,19.09638003798318
1107,19.113078989990754
1108,19.129875473008724
1109,19.146662980987458
1110,19.16350417799549
1111,19.18030200598878
1112,19.197058482997818
1113,19.213851651002187
1114,19.230656258005183
1115,19.247489689994836
1116,19.26434925000649
1117,19.2810621339886
1118,19.29794472499634
1119,19.314639532996807
1120,19.331460212997627
1121,19.34829037700547
1122,19.36508667198359
1123,19.381893335987115
1124,19.398773872002494
1125,19.41554041299969
1126,19.432308557006763
1127,19.44918519599014
1128,19.465891244006343
1129,19.482713301986223
1130,19.499459765007487
1131,19.51628576600342
1132,19.533051189995604
1133,19.54987617500592
1134,19.566657313000178
1135,19.58360193198314
1136,19.600377191003645
1137,19.617172336991644
1138,19.63384752298589
1139,19.650714602001244
1140,19.66743573898566
1141,19.68431058799615
1142,19.701074673997937
1143,19.717861465993337
1144,19.734665158001008
1145,19.75145044599776
1146,19.768300170981092
1147,19.785055857006228
1148,19.801862585009076
1149,19.818657181982417
1150,19.835425069992198
1151,19.85229895298835
1152,19.86905115400441
1153,19.885887907003053
1154,19.902648327988572
1155,19.919448444998125
1156,19.93628594200709
1157,19.95310126399272
1158,19.969838399993023
1159,19.986634904984385
1160,20.003422445006436
1161,20.020304621983087
1162,20.037033506989246
1163,20.05380013998365
1164,20.070625952008413
1165,20.087516308994964
1166,20.104247104987735
1167,20.121007342007942
1168,20.137778072006768
1169,20.15460021799663
1170,20.17142803798197
1171,20.18825056499918
1172,20.20499559000018
1173,20.221797275007702
1174,20.23858513700543
1175,20.25536679700599
1176,20.272207907983102
1177,20.28899460300454
1178,20.305828868004028
1179,20.322594039986143
1180,20.339368101005675
1181,20.356221380992793
1182,20.37298734698561
1183,20.38978923400282
1184,20.40659549899283
1185,20.42334993800614
1186,20.44022725900868
1187,20.456978812988382
1188,20.47377574699931
1189,20.4906597219815
1190,20.50736822199542
1191,20.52418417300214
1192,20.540956780983834
1193,20.557795169006567
1194,20.574557560990797
1195,20.591370720998384
1196,20.608156925998628
1197,20.62496395499329
1198,20.641780398000265
1199,20.658540689008078
1200,20.6753578769858
1201,20.692214153998066
1202,20.708958069008077
1203,20.72591923098662
1204,20.742651918990305
1205,20.759439802000998
1206,20.776166591007495
1207,20.79294802300865
1208,20.80984156500199
1209,20.826527808996616
1210,20.843316334998235
1211,20.86012843399658
1212,20.876921821996802
1213,20.89372847499908
1214,20.91066178298206
1215,20.92745713100885
1216,20.944169405993307
1217,20.960955222981283
1218,20.97771612100769
1219,20.994574048003415
1220,21.011310209985822
1221,21.028229521005414
1222,21.044926867994945
1223,21.06183952098945
1224,21.078523133008275
1225,21.09533889198792
1226,21.112123063008767
1227,21.128922615986085
1228,21.14576615198166
1229,21.16251873699366
1230,21.179324391006958
1231,21.196244722988922
1232,21.212940000987146
1233,21.229822174995206
1234,21.24661977199139
1235,21.263321873004315
1236,21.2801085379906
1237,21.296894475002773
1238,21.313733082992258
1239,21.330521680007223
1240,21.34732604198507
1241,21.36421492198133
1242,21.381036559003405
1243,21.397670509992167
1244,21.414523423009086
1245,21.43129187700106
1246,21.44812626799103
1247,21.464900436985772
1248,21.481688895990374
1249,21.49860852700658
1250,21.51531670798431
1251,21.532141885982128
1252,21.548888735007495
1253,21.565775231982116
1254,21.58244854499935
1255,21.599276900000405
1256,21.61625684099272
1257,21.633000525995158
1258,21.649681532988325
1259,21.666470847005257
1260,21.683293640002375
1261,21.700109064986464
1262,21.71687983200536
1263,21.733727134997025
1264,21.750487131997943
1265,21.767446790006943
1266,21.784268122981302
1267,21.80093984398991
1268,21.817750235000858
1269,21.834583643998485
1270,21.85131522800657
1271,21.86803693600814
1272,21.88497348499368
1273,21.9016988069925
1274,21.918467317998875
1275,21.935315874987282
1276,21.95221219799714
1277,21.968996809009695
1278,21.985776924993843
1279,22.002555802988354
1280,22.01935108998441
1281,22.036042382998858
1282,22.05288749700412
1283,22.069645206996938
1284,22.086525953985984
1285,22.10324620900792
1286,22.12003881399869
1287,22.136844566004584
1288,22.153655875008553
1289,22.170445494004525
1290,22.18738104699878
1291,22.204039169009775
1292,22.220836232008878
1293,22.237640618986916
1294,22.254441199998837
1295,22.2712466979865
1296,22.28800835699076
1297,22.304843747988343
1298,22.321643339993898
1299,22.338440647989046
1300,22.355249782995088
1301,22.372153261996573
1302,22.388937532989075
1303,22.405736204993445
1304,22.42242077999981
1305,22.439220261003356
1306,22.45619013698888
1307,22.47293504999834
1308,22.48963578999974
1309,22.50641480399645
1310,22.523216856003273
1311,22.540139974007616
1312,22.556832137983292
1313,22.57360441199853
1314,22.590420396008994
1315,22.60721572500188
1316,22.624010981002357
1317,22.640899928985164
1318,22.65761717100395
1319,22.674436950997915
1320,22.691178698994918
1321,22.708006618981017
1322,22.72478882400901
1323,22.741581741982372
1324,22.758378077996895
1325,22.775197176990332
1326,22.792244715004927
1327,22.80879136698786
1328,22.825574340997264
1329,22.84244681400014
1330,22.859197573008714
1331,22.87598635800532
1332,22.89281325598131
1333,22.909566233982332
1334,22.926381936995313
1335,22.943215206993045
1336,22.960101762990234
1337,22.976823978009634
1338,22.993605976982508
1339,23.010424901993247
1340,23.027165446983417
1341,23.043968924001092
1342,23.06074299098691
1343,23.077539725985844
1344,23.094331425003475
1345,23.111145715985913
1346,23.127979110984597
1347,23.1447699739947
1348,23.161553423007717
1349,23.178431204985827
1350,23.195191756996792
1351,23.21196933000465
1352,23.228762106009526
1353,23.245650730008492
1354,23.262366040988127
1355,23.279152287985198
1356,23.295963396987645
1357,23.31275049399119
1358,23.32955426699482
1359,23.34635072000674
1360,23.363151230005315
1361,23.37997338999412
1362,23.396769388986286
1363,23.413536699983524
1364,23.43034039498889
1365,23.44723857298959
1366,23.46401932099252
1367,23.48073375900276
1368,23.49750027398113
1369,23.51431112998398
1370,23.53112478100229
1371,23.54806564899627
1372,23.56474511299166
1373,23.58146115898853
1374,23.598342287994456
1375,23.615131630009273
1376,23.631932224991033
1377,23.648733924987027
1378,23.665533772989875
1379,23.68233209999744
1380,23.699111035995884
1381,23.715923151990864
1382,23.7327121720009
1383,23.749684904003516
1384,23.766286106983898
1385,23.783119472005637
1386,23.799915601994144
1387,23.816696464986308
1388,23.833492960984586
1389,23.85029281899915
1390,23.867117538989987
1391,23.883920282009058
1392,23.900688516994705
1393,23.917505416000495
1394,23.934309462987585
1395,23.95110060099978
1396,23.967909347993555
1397,23.984791225986555
1398,24.001477031008108
1399,24.018275777983945
1400,24.035097736981697
1401,24.051875298988307
1402,24.068687899009092
1403,24.08563243498793
1404,24.102281206985936
1405,24.119119028997375
1406,24.135907613992458
1407,24.152763085992774
1408,24.16955764798331
1409,24.18655159699847
1410,24.2031498469878
1411,24.21993151900824
1412,24.236726581002586
1413,24.253513525007293
1414,24.27031893300591
1415,24.28712165800971
1416,24.303887221991317
1417,24.320741300994996
1418,24.337514071987243
1419,24.354316115000984
1420,24.37121113500325
1421,24.387908564996906
1422,24.40471795000485
1423,24.42147918898263
1424,24.43825263599865
1425,24.45531573999324
1426,24.47188105600071
1427,24.48887250799453
1428,24.50546795700211
1429,24.52230343298288
1430,24.539135263999924
1431,24.555851638986496
1432,24.57272428498254
1433,24.589428902982036
1434,24.60630258198944
1435,24.623084975988604
1436,24.639825513004325
1437,24.656652434001444
1438,24.673470690991962
1439,24.69028495499515
1440,24.707097656995757
1441,24.72385282200412
1442,24.740696216002107
1443,24.75747655099258
1444,24.774276790005388
1445,24.791228134999983
1446,24.807982997008367
1447,24.824690498993732
1448,24.84140563098481
1449,24.85850964198471
1450,24.875149723986397
1451,24.891869057988515
1452,24.908679298998322
1453,24.92546253200271
1454,24.94226597400848
1455,24.959031307982514
1456,24.975816666003084
1457,24.992703252995852
1458,25.009566506982083
1459,25.026361063006334
1460,25.043023268983234
1461,25.05983065799228
1462,25.076659604004817
1463,25.093410595989553
1464,25.1102223249909
1465,25.127022383006988
1466,25.143955253006425
1467,25.160658445005538
1468,25.177422278007725
1469,25.19421912400867
1470,25.211015189997852
1471,25.227793714992004
1472,25.24464897500002
1473,25.261415766988648
1474,25.278212615987286
1475,25.2950131809921
1476,25.311813167994842
1477,25.32865653699264
1478,25.34539692400722
1479,25.36220144899562
1480,25.379094956995687
1481,25.3957964819856
1482,25.41263645599247
1483,25.429397881991463
1484,25.446193698997376
1485,25.462991370994132
1486,25.47991192599875
1487,25.49661740998272
1488,25.513390226988122
1489,25.53018550100387
1490,25.54702470600023
1491,25.563783424004214
1492,25.580627355986508
1493,25.59735550300684
1494,25.614158073993167
1495,25.630966520984657
1496,25.647780269006034
1497,25.664596483984496
1498,25.681349111982854
1499,25.698174658988137
1500,25.714975292008603
1501,25.73176880099345
1502,25.74858633900294
1503,25.765369419008493
1504,25.78216519698617
1505,25.79896710300818
1506,25.815766163985245
1507,25.83258681499865
1508,25.849372078984743
1509,25.866140809986973
1510,25.88294381200103
1511,25.899734053993598
1512,25.916597222996643
1513,25.933318032999523
1514,25.950184789980995
1515,25.96708217600826
1516,25.983841557987034
1517,26.00055447500199
1518,26.017370071000187
1519,26.034118960989872
1520,26.0509465560026
1521,26.067727165005635
1522,26.08467585098697
1523,26.101452195987804
1524,26.118256179994205
1525,26.13506402799976
1526,26.151863286009757
1527,26.1685932840046
1528,26.185340253985487
1529,26.202113512990763
1530,26.218957114004297
1531,26.23574244498741
1532,26.25260150700342
1533,26.269481850991724
1534,26.28628566500265
1535,26.303052812989336
1536,26.319818499003304
1537,26.33657540398417
1538,26.353333918988938
1539,26.370115085999714
1540,26.387159014993813
1541,26.403799778985558
1542,26.42054137599189
1543,26.43728470199858
1544,26.454079704999458
1545,26.4708750959835
1546,26.48771548998775
1547,26.50453393999487
1548,26.521347292000428
1549,26.538166705984622
1550,26.555008138995618
1551,26.57179985399125
1552,26.588538098993013
1553,26.60529639699962
1554,26.622108279989334
1555,26.639032910985406
1556,26.655730358004803
1557,26.672663461999036
1558,26.68935010500718
1559,26.706139260000782
1560,26.72293924598489
1561,26.73971345598693
1562,26.75653294599033
1563,26.773318110994296
1564,26.790121733007254
1565,26.806864626007155
1566,26.823748153983615
1567,26.84057460699114
1568,26.857305851997808
1569,26.87409790599486
1570,26.891015967994463
1571,26.907705691992305
1572,26.92460565798683
1573,26.94145648900303
1574,26.958058721997077
1575,26.974885258998256
1576,26.99164350598585
1577,27.008565912983613
1578,27.02523334498983
1579,27.042058936989633
1580,27.05887814500602
1581,27.0756897770043
1582,27.09251955599757
1583,27.109279019990936
1584,27.126209746988025
1585,27.1428442139877
1586,27.15966557498905
1587,27.176551067997934
1588,27.19328550400678
1589,27.21008624098613
1590,27.226867468998535
1591,27.24370087700663
1592,27.260561748000327
1593,27.277353997982573
1594,27.2940854030021
1595,27.310882672987645
1596,27.327680279995548
1597,27.34450639199349
1598,27.361281532997964
1599,27.37807900700136
1600,27.39487748700776
1601,27.411665930994786
1602,27.42850865298533
1603,27.445207320997724
1604,27.46204279898666
1605,27.478840150986798
1606,27.49563976598438
1607,27.512452770984964
1608,27.52930038899649
1609,27.54605154998717
1610,27.562967828009278
1611,27.579760377004277
1612,27.59660138998879
1613,27.613256179000018
1614,27.630138387001352
1615,27.646944671985693
1616,27.663794681982836
1617,27.68052348200581
1618,27.6972598299908
1619,27.714056391996564
1620,27.730831780005246
1621,27.74764355298248
1622,27.764475315983873
1623,27.781242102006217
1624,27.798038987006294
1625,27.814847606001422
1626,27.831636129005346
1627,27.848465894989204
1628,27.865245377994142
1629,27.882046393002383
1630,27.89884381298907
1631,27.915643552987603
1632,27.93249342800118
1633,27.94924425400677
1634,27.96612948999973
1635,27.982849597989116
1636,27.999620782997226
1637,28.016422254004283
1638,28.03319940000074
1639,28.050018993002595
1640,28.066787390009267
1641,28.083632898982614
1642,28.10042540298309
1643,28.117187336989446
1644,28.134154784987913
1645,28.15078199398704
1646,28.167624605004676
1647,28.18441421200987
1648,28.201309195981594
1649,28.2181076539855
1650,28.2347768569889
1651,28.251643872994464
1652,28.268424634006806
1653,28.28515251900535
1654,28.30197949698777
1655,28.318844483990688
1656,28.33559933298966
1657,28.352407464000862
1658,28.36917853099294
1659,28.38597641699016
1660,28.402878736989805
1661,28.41955022799084
1662,28.436399086989695
1663,28.45316955400631
1664,28.469964338990394
1665,28.486715877981624
1666,28.50351658699219
1667,28.5205194799928
1668,28.537284191988874
1669,28.553941332997056
1670,28.570741745003033
1671,28.58755703899078
1672,28.604370440996718
1673,28.621123999997508
1674,28.637922986003105
1675,28.65478678198997
1676,28.671573665982578
1677,28.688439699995797
1678,28.70517605499481
1679,28.72196691398858
1680,28.738764006993733
1681,28.755660914001055
1682,28.772403362992918
1683,28.78913895500591
1684,28.806011273001786
1685,28.82275770799606
1686,28.83958151799743
1687,28.856442766002147
1688,28.873199288005708
1689,28.89000165098696
1690,28.90676741700736
1691,28.923566801007837
1692,28.940402993001044
1693,28.957128648995422
1694,28.974043171998346
1695,28.990708420984447
1696,29.00753475498641
1697,29.024390696984483
1698,29.04118535699672
1699,29.05796078799176
1700,29.07475311399321
1701,29.091544409980997
1702,29.10838505200809
1703,29.12514999398263
1704,29.142119447002187
1705,29.15874037100002
1706,29.17548235200229
1707,29.192379696993157
1708,29.209266920981463
1709,29.22592584200902
1710,29.242718458001036
1711,29.25952844400308
1712,29.276395164983114
1713,29.293226014997344
1714,29.30992767898715
1715,29.326717774994904
1716,29.34367344598286
1717,29.360588918993017
1718,29.377229567005998
1719,29.39390022799489
1720,29.410811609006487
1721,29.427562730008503
1722,29.444309195008827
1723,29.461089558986714
1724,29.477915470983135
1725,29.49471610598266
1726,29.511510994983837
1727,29.52832081899396
1728,29.545085560006555
1729,29.56186657899525
1730,29.57866743800696
1731,29.595477283000946
1732,29.612319809006294
1733,29.62917441999889
1734,29.645870514999842
1735,29.6626713059959
1736,29.679563890997088
1737,29.696301794989267
1738,29.71308569100802
1739,29.72996461900766
1740,29.746666299994104
1741,29.763469466008246
1742,29.78040888198302
1743,29.797056654992048
1744,29.81388463600888
1745,29.83069472500938
1746,29.8474859239941
1747,29.864280959998723
1748,29.881031956989318
1749,29.897832627990283
1750,29.914630432991544
1751,29.931422636000207
1752,29.9482658309862
1753,29.965054216998396
1754,29.981859799008816
1755,29.99865647900151
1756,30.01544791299966
1757,30.032285250985296
1758,30.049199515982764
1759,30.065844781987835
1760,30.082641724002315
1761,30.099438787990948
1762,30.1162983289978
1763,30.133038870990276
1764,30.149834473006194
1765,30.16674747300567
1766,30.18341097299708
1767,30.200354484986747
1768,30.216992782981833
1769,30.23379172498244
1770,30.250765748001868
1771,30.267554522986757
1772,30.284391599998344
1773,30.301058588986052
1774,30.317854616005206
1775,30.334641303983517
1776,30.351408290996915
1777,30.36826379899867
1778,30.384990860009566
1779,30.401794849982252
1780,30.418587257998297
1781,30.43539822800085
1782,30.45228717298596
1783,30.469007492007222
1784,30.485811243997887
1785,30.50258230298641
1786,30.519360450009117
1787,30.5362096989993
1788,30.552992384997196
1789,30.569821852986934
1790,30.58659853300196
1791,30.60338728799252
1792,30.620231240987778
1793,30.63699639198603
1794,30.65382741499343
1795,30.670587380998768
1796,30.687372813001275
1797,30.70418210598291
1798,30.720985225983895
1799,30.737794669985306
1800,30.754560501984088
1801,30.771382153994637
1802,30.78823455699603
1803,30.804986753006233
1804,30.821754436998162
1805,30.83856005698908
1806,30.85538675900898
1807,30.872309081983985
1808,30.888953235989902
1809,30.90578205799102
1810,30.922585474007064
1811,30.9393505959888
1812,30.95621577600832
1813,30.97297451700433
1814,30.989793626999017
1815,31.00657141499687
1816,31.023378668993246
1817,31.040197681984864
1818,31.05693249698379
1819,31.0737661109888
1820,31.090535146999173
1821,31.10737065199646
1822,31.12425278898445
1823,31.14096087400685
1824,31.157768895005574
1825,31.17454661798547
1826,31.191336415009573
1827,31.208315687981667
1828,31.22495499398792
1829,31.241793544002576
1830,31.258577892993344
1831,31.275445509003475
1832,31.292270251986338
1833,31.308999403001508
1834,31.325760795007227
1835,31.342554367001867
1836,31.359364273987012
1837,31.37621217398555
1838,31.39305287998286
1839,31.409935887990287
1840,31.426697843999136
1841,31.44346680599847
1842,31.460334228002466
1843,31.477083031000802
1844,31.493848206009716
1845,31.510522577009397
1846,31.52734914200846
1847,31.54423774499446
1848,31.560939602990402
1849,31.57773313400685
1850,31.59453566899174
1851,31.611307793995366
1852,31.628128833981464
1853,31.64492717498797
1854,31.66169069200987
1855,31.678521460009506
1856,31.695327272987925
1857,31.712131726002553
1858,31.729360275989166
1859,31.745831148000434
1860,31.762700394989224
1861,31.77946096699452
1862,31.79630484498921
1863,31.81293753598584
1864,31.829835649987217
1865,31.846641298994655
1866,31.86332275599125
1867,31.880155263002962
1868,31.896907616988756
1869,31.91371092700865
1870,31.930485516990302
1871,31.94730467000045
1872,31.964223971008323
1873,31.980863582983147
1874,31.997701107989997
1875,32.01449715299532
1876,32.03129772198736
1877,32.04811567798606
1878,32.064900908997515
1879,32.08167997299461
1880,32.09849141098675
1881,32.11528768998687
1882,32.132111266982974
1883,32.148894890997326
1884,32.16568738699425
1885,32.182475830981275
1886,32.19929891600623
1887,32.216066605004016
1888,32.23290825699223
1889,32.24968149000779
1890,32.26657286999398
1891,32.2832771219837
1892,32.30016813700786
1893,32.31687423598487
1894,32.3336776419892
1895,32.35044732998358
1896,32.367269331996795
1897,32.384070241998415
1898,32.40087099399534
1899,32.41766415498569
1900,32.43452957799309
1901,32.451216049987124
1902,32.46806358298636
1903,32.48485797498142
1904,32.501724667992676
1905,32.51844029198401
1906,32.535257406998426
1907,32.5520359200018
1908,32.5688240279851
1909,32.585623090999434
1910,32.60244937700918
1911,32.619244750007056
1912,32.63604876599857
1913,32.652861509996
1914,32.669623308000155
1915,32.686443096987205
1916,32.70321058400441
1917,32.72004954799195
1918,32.73684266599594
1919,32.75361415199586
1920,32.77043577999575
1921,32.78723001899198
1922,32.804029780003475
1923,32.82089081898448
1924,32.83760758099379
1925,32.854408232000424
1926,32.8712029439921
1927,32.88800426400849
1928,32.90480479600956
1929,32.921599872992374
1930,32.9384377009992
1931,32.95521453599213
1932,32.972023934009485
1933,32.98891881300369
1934,33.005730681004934
1935,33.02242666599341
1936,33.039193845004775
1937,33.05598005998763
1938,33.07279849998304
1939,33.08959960800712
1940,33.10639554998488
1941,33.1231984779879
1942,33.14004550399841
1943,33.156753971998114
1944,33.17367136498797
1945,33.19048175099306
1946,33.20724172098562
1947,33.22398285998497
1948,33.240799741994124
1949,33.25759552998352
1950,33.27437259699218
1951,33.291171956982
1952,33.30797859598533
1953,33.324765647004824
1954,33.34156387700932
1955,33.358538536995184
1956,33.37523332799901
1957,33.391983498004265
1958,33.408794183982536
1959,33.42575863900129
1960,33.442371743003605
1961,33.45919842799776
1962,33.4762020969938
1963,33.49278089500149
1964,33.509622454002965
1965,33.52635748399189
1966,33.54326658899663
1967,33.55996539699845
1968,33.576775817986345
1969,33.59365885698935
1970,33.61041096699773
1971,33.6272141560039
1972,33.64402295500622
1973,33.66087646098458
1974,33.67758429798414
1975,33.69435373600572
1976,33.71126983198337
1977,33.72795768798096
1978,33.744806804985274
1979,33.76167769098538
1980,33.7783888639824
1981,33.79518529199413
1982,33.81199073698372
1983,33.82878613000503
1984,33.845564757997636
1985,33.86237095799879
1986,33.879182492994005
1987,33.895971744990675
1988,33.912779000995215
1989,33.9295759020024
1990,33.94647480000276
1991,33.963264822989004
1992,33.979975958995055
1993,33.996739695983706
1994,34.01352618500823
1995,34.03033651600708
1996,34.04717042599805
1997,34.06395937598427
1998,34.08077318200958
1999,34.09749499100144
2000,34.11452750398894
2001,34.1311800830008
2002,34.14795895598945
2003,34.164871804008726
2004,34.1817414489924
2005,34.198635001986986
2006,34.21523251000326
2007,34.231918956007576
2008,34.248704358004034
2009,34.26549030400929
2010,34.28228978099651
2011,34.299094410002
2012,34.31590790799237
2013,34.332734511990566
2014,34.34950154600665
2015,34.36630279198289
2016,34.38310073298635
2017,34.399903015990276
2018,34.41688736699871
2019,34.43350005600951
2020,34.450298120995285
2021,34.46709266398102
2022,34.4838968749973
2023,34.50070471400977
2024,34.51749301099335
2025,34.534306932007894
2026,34.55112079999526
2027,34.56790161499521
2028,34.584728739981074
2029,34.60154999000952
2030,34.618281287985155
2031,34.6350804620015
2032,34.6518879509822
2033,34.66870323900366
2034,34.68548172098235
2035,34.702291096007684
2036,34.719254586001625
2037,34.73589442300727
2038,34.752721164986724
2039,34.769518368004356
2040,34.78629575599916
2041,34.80307586598792
2042,34.81989717899705
2043,34.83672108198516
2044,34.853472435002914
2045,34.870305604999885
2046,34.88708734800457
2047,34.90384450700367
2048,34.920794496982126
2049,34.93743566700141
2050,34.95426319699618
2051,34.97107518900884
2052,34.987840991991106
2053,35.00474112198572
2054,35.02143504199921
2055,35.038286553986836
2056,35.05507450099685
2057,35.071985019982094
2058,35.088674970000284
2059,35.10544878299697
2060,35.12223480598186
2061,35.13907884800574
2062,35.1558594389935
2063,35.172688369988464
2064,35.18948447998264
2065,35.206297205004375
2066,35.22309103698353
2067,35.239879428001586
2068,35.256941609986825
2069,35.27347280000686
2070,35.29024617100367
2071,35.30707050100318
2072,35.32383501698496
2073,35.34064889099682
2074,35.35742884900537
2075,35.37422580100247
2076,35.391060524008935
2077,35.407999880990246
2078,35.424681470991345
2079,35.441408737009624
2080,35.45824897798593
2081,35.4750581549888
2082,35.491844768985175
2083,35.50876451499062
2084,35.52542827700381
2085,35.542226903984556
2086,35.55912589098443
2087,35.575819777004654
2088,35.59266054700129
2089,35.609435535006924
2090,35.626190068986034
2091,35.64300081599504
2092,35.65979683899786
2093,35.676605187007226
2094,35.69340887898579
2095,35.71019770298153
2096,35.72701305500232
2097,35.74379387899535
2098,35.76060750798206
2099,35.777368165989174
2100,35.79421602800721
2101,35.81100105898804
2102,35.82780907698907
2103,35.84460122598102
2104,35.86139741598163
2105,35.87817685600021
2106,35.894987678009784
2107,35.911785750009585
2108,35.928687999985414
2109,35.94544726100867
2110,35.96217587098363
2111,35.97911198600195
2112,35.99590005600476
2113,36.01265189200058
2114,36.02949257398723
2115,36.046249768987764
2116,36.06302383498405
2117,36.07973126898287
2118,36.09656371799065
2119,36.1133897289983
2120,36.13018947499222
2121,36.14699243300129
2122,36.16378453199286
2123,36.180587340000784
2124,36.19736114999978
2125,36.21416014700662
2126,36.230955870007165
2127,36.247770719986875
2128,36.264582556992536
2129,36.281326645985246
2130,36.29820295298123
2131,36.31495370899211
2132,36.33174658200005
2133,36.34861611199449
2134,36.365425647993106
2135,36.38214603898814
2136,36.399034506990574
2137,36.41577580300509
2138,36.432565845985664
2139,36.44936320700799
2140,36.466147311002715
2141,36.483089009998366
2142,36.49971755500883
2143,36.516641973983496
2144,36.53335875298944
2145,36.550154283002485
2146,36.56698858900927
2147,36.583750413003145
2148,36.60065377299907
2149,36.61732989299344
2150,36.63413848000346
2151,36.65093798900489
2152,36.66774596599862
2153,36.68457191999187
2154,36.70133703798638
2155,36.71814519999316
2156,36.734932750987355
2157,36.7517544629809
2158,36.768599343980895
2159,36.78529249998974
2160,36.80228245598846
2161,36.81892788698315
2162,36.83574181899894
2163,36.85257147299126
2164,36.86930329998722
2165,36.886103926983196
2166,36.902924989000894
2167,36.919732078997185
2168,36.936559272988234
2169,36.95331983998767
2170,36.970112607988995
2171,36.98688485799357
2172,37.00372275599511
2173,37.02055337198544
2174,37.037310055980925
2175,37.054107084986754
2176,37.07087761099683
2177,37.08768058300484
2178,37.10451694900985
2179,37.12129145700601
2180,37.13809350298834
2181,37.15490349999163
2182,37.17171416399651
2183,37.18854661099613
2184,37.20529836800415
2185,37.22211408399744
2186,37.23902785300743
2187,37.25567556198803
2188,37.27253803299391
2189,37.28928850000375
2190,37.30608991600457
2191,37.32288008299656
2192,37.33973250098643
2193,37.35653993600863
2194,37.37327742599882
2195,37.39006795498426
2196,37.40687336298288
2197,37.42367884298437
2198,37.44056143600028
2199,37.45727452400024
2200,37.4740428669902
2201,37.49086053398787
2202,37.5078340510081
2203,37.52450066700112
2204,37.541291490982985
2205,37.55807011798606
2206,37.574874306999845
2207,37.59166950400686
2208,37.60849249298917
2209,37.62526773600257
2210,37.64227105898317
2211,37.658891022991156
2212,37.675661079993006
2213,37.69248462698306
2214,37.70934994099662
2215,37.72618924899143
2216,37.74296823600889
2217,37.75964626498171
2218,37.776522826985456
2219,37.79329803600558
2220,37.81009486399125
2221,37.82684465998318
2222,37.843672009999864
2223,37.86056780500803
2224,37.87720580899622
2225,37.89400154299801
2226,37.91080648000934
2227,37.92760605199146
2228,37.94443953700829
2229,37.96119719700073
2230,37.978001129988115
2231,37.9948802079889
2232,38.011627876985585
2233,38.0285856660048
2234,38.04525428399211
2235,38.06202779500745
2236,38.07882387199788
2237,38.095646889996715
2238,38.11251525400439
2239,38.12924641100108
2240,38.146151788998395
2241,38.16285354900174
2242,38.17968345398549
2243,38.19649034799659
2244,38.21322509998572
2245,38.23000661600963
2246,38.2468117630051
2247,38.26358111700392
2248,38.28047480699024
2249,38.297259312006645
2250,38.31414042800316
2251,38.3308441429981
2252,38.347663683991414
2253,38.364582215988776
2254,38.381219479982974
2255,38.398108055989724
2256,38.41488920300617
2257,38.43169988898444
2258,38.44845097899088
2259,38.465211565984646
2260,38.48201370899915
2261,38.498802493995754
2262,38.5156409709889
2263,38.53244799099048
2264,38.549202966009034
2265,38.56600497598993
2266,38.58281299000373
2267,38.59958657599054
2268,38.6164330499887
2269,38.63323075600783
2270,38.65000006498303
2271,38.666771752992645
2272,38.68359559599776
2273,38.700433975987835
2274,38.71716992100119
2275,38.7340634810098
2276,38.75079242000356
2277,38.767561847984325
2278,38.7844235280063
2279,38.80118489000597
2280,38.81798276500194
2281,38.834782268007984
2282,38.851580997987185
2283,38.868385421985295
2284,38.88518330300576
2285,38.901976419991115
2286,38.91882654800429
2287,38.93557852998492
2288,38.95241892398917
2289,38.969171548000304
2290,38.98597208200954
2291,39.00277028098935
2292,39.01957135199336
2293,39.03642363898689
2294,39.053164829994785
2295,39.0701346329879
2296,39.086764462990686
2297,39.103535547008505
2298,39.12036461598473
2299,39.13712282999768
2300,39.15405955698225
2301,39.17089265299728
2302,39.1876779999875
2303,39.20450429999619
2304,39.22110895300284
2305,39.2380678789923
2306,39.2547675469832
2307,39.27167027498945
2308,39.28840675498941
2309,39.305212898994796
2310,39.32207270798972
2311,39.338890026992885
2312,39.35569892099011
2313,39.37239310500445
2314,39.389111377007794
2315,39.4059099110018
2316,39.422728940990055
2317,39.43953335299739
2318,39.456396475987276
2319,39.47310111299157
2320,39.48994579500868
2321,39.5067385440052
2322,39.52361791799194
2323,39.54034285500529
2324,39.55709933198523
2325,39.573903690004954
2326,39.59073023599922
2327,39.607514609990176
2328,39.62435685400851
2329,39.641105371003505
2330,39.65790463500889
2331,39.67467591399327
2332,39.69147196400445
2333,39.708326519990806
2334,39.72509090299718
2335,39.74189100298099
2336,39.75882322399411
2337,39.77549211998121
2338,39.79232184399734
2339,39.8091850449855
2340,39.82591468899045
2341,39.84273879000102
2342,39.85957524800324
2343,39.87634312498267
2344,39.89311794700916
2345,39.90987621300155
2346,39.926688831008505
2347,39.94354872399708
2348,39.9603560329997
2349,39.9771326110058
2350,39.99388477898901
2351,40.01077784298104
2352,40.02751096498105
2353,40.044340405991534
2354,40.06111078898539
2355,40.077841519989306
2356,40.09468787300284
2357,40.111478317005094
2358,40.128311332984595
2359,40.145065807009814
2360,40.16184954799246
2361,40.17864846100565
2362,40.1955743249855
2363,40.212308585993014
2364,40.229057763994206
2365,40.2458714429813
2366,40.26274434500374
2367,40.27947129600216
2368,40.296253623004304
2369,40.313021741982084
2370,40.329834011994535
2371,40.3466263480077
2372,40.36342257700744
2373,40.38042916500126
2374,40.39716893999139
2375,40.413851296994835
2376,40.430623747000936
2377,40.44742476200918
2378,40.464288032002514
2379,40.481031309987884
2380,40.497843877004925
2381,40.5146095379896
2382,40.53142393499729
2383,40.548358736006776
2384,40.565005304000806
2385,40.58187050500419
2386,40.598708512989106
2387,40.61546259699389
2388,40.63226394998492
2389,40.64902627898846
2390,40.665824409981724
2391,40.68263732799096
2392,40.699520805996144
2393,40.71631777699804
2394,40.73314353599562
2395,40.74992479098728
2396,40.76663184299832
2397,40.78340103899245
2398,40.80028685400612
2399,40.817029461002676
2400,40.83381221900345
2401,40.85063886299031
2402,40.86744817500585
2403,40.88425802500569
2404,40.90101328800665
2405,40.91782114500529
2406,40.93462324698339
2407,40.95142866898095
2408,40.968229622987565
2409,40.984978861000855
2410,41.0018062510062
2411,41.01857712000492
2412,41.03539171398734
2413,41.052242550009396
2414,41.06899769298616
2415,41.085800191998715
2416,41.102753932005726
2417,41.11938546298188
2418,41.136266758985585
2419,41.1529957059829
2420,41.16978753200965
2421,41.18659140099771
2422,41.20337936899159
2423,41.22022235998884
2424,41.23712917600642
2425,41.25395143099013
2426,41.27071778700338
2427,41.2873681570054
2428,41.30420353700174
2429,41.320989681989886
2430,41.33784000299056
2431,41.354644131002715
2432,41.37139029300306
2433,41.388260856998386
2434,41.40502094000112
2435,41.42178237900953
2436,41.43866988399532
2437,41.455352855991805
2438,41.472319157997845
2439,41.48893457298982
2440,41.50575453299098
2441,41.52255682300893
2442,41.53953177598305
2443,41.55618727899855
2444,41.573073131003184
2445,41.589770210994175
2446,41.60656590000144
2447,41.6233723690093
2448,41.64021466599661
2449,41.65699242299888
2450,41.67375999499927
2451,41.69053232498118
2452,41.70734187000198
2453,41.72420151298866
2454,41.74105670498102
2455,41.75775897098356
2456,41.77456105398596
2457,41.79137114898185
2458,41.80810960699455
2459,41.82495287299389
2460,41.84175453300122
2461,41.85869570498471
2462,41.87537039699964
2463,41.892193787993165
2464,41.908969812997384
2465,41.92575453899917
2466,41.94256262900308
2467,41.9593679549871
2468,41.9762238629919
2469,41.99295466998592
2470,42.00976926498697
2471,42.02656890300568
2472,42.043325209990144
2473,42.06014955599676
2474,42.076958457008004
2475,42.093708639993565
2476,42.1105482270068
2477,42.12734444398666
2478,42.144154362991685
2479,42.16090635798173
2480,42.177700116008054
2481,42.19454508300987
2482,42.21133805200225
2483,42.22816831700038
2484,42.244933982001385
2485,42.26182227299432
2486,42.27854041199316
2487,42.29533166400506
2488,42.31207008799538
2489,42.32890070299618
2490,42.34567051398335
2491,42.36253436500556
2492,42.37929888200597
2493,42.39625253199483
2494,42.412963637994835
2495,42.42972425799235
2496,42.446476129989605
2497,42.4632463339949
2498,42.48008557400317
2499,42.496887151006376
2500,42.51371274300618
2501,42.53061081000487
2502,42.547419028007425
2503,42.56413279598928
2504,42.58088015098474
2505,42.597709002991905
2506,42.61451744599617
2507,42.63125242799288
2508,42.64819051098311
2509,42.664868735999335
2510,42.68170732600265
2511,42.698502015002305
2512,42.715442615997745
2513,42.7320511599828
2514,42.74887285399018
2515,42.765708232996985
2516,42.78244717899361
2517,42.79923685500398
2518,42.81608277300256
2519,42.83288362500025
2520,42.84968937700614
2521,42.866618797008414
2522,42.88336812099442
2523,42.90022856098949
2524,42.91698190898751
2525,42.933712353988085
2526,42.95045131299412
2527,42.96724355799961
2528,42.984220865997486
2529,43.000946893007495
2530,43.01764902798459
2531,43.03444984098314
2532,43.051331766007934
2533,43.06812801599153
2534,43.08491870498983
2535,43.101745677995495
2536,43.118592518992955
2537,43.13541532898671
2538,43.152208896004595
2539,43.16899055300746
2540,43.18581901898142
2541,43.20254891598597
2542,43.21936262899544
2543,43.236159767984645
2544,43.2528492329875
2545,43.26964956498705
2546,43.2864541230083
2547,43.30333204299677
2548,43.32008629699703
2549,43.33681210200302
2550,43.353641752008116
2551,43.37052665799274
2552,43.38723440899048
2553,43.404037967993645
2554,43.42086075298721
2555,43.437641366006574
2556,43.45443638198776
2557,43.47122853298788
2558,43.48803031700663
2559,43.50482241198188
2560,43.52160285098944
2561,43.53842421199079
2562,43.55523151598754
2563,43.57201008099946
2564,43.58882384898607
2565,43.605701168999076
2566,43.622416425991105
2567,43.63919246700243
2568,43.65600404998986
2569,43.67280033000861
2570,43.689603418984916
2571,43.70639782299986
2572,43.72319336698274
2573,43.73998939699959
2574,43.75680588398245
2575,43.77357691799989
2576,43.79040457299561
2577,43.80717490098323
2578,43.82399948200327
2579,43.84081390599022
2580,43.85755815898301
2581,43.87445965499501
2582,43.89118782998412
2583,43.90819373098202
2584,43.9247887179954
2585,43.94166214499273
2586,43.95837203800329
2587,43.97519926799578
2588,43.99200914398534
2589,44.00891539498116
2590,44.025713302980876
2591,44.04238297700067
2592,44.05918107999605
2593,44.07597464998253
2594,44.09278485298273
2595,44.10958586199558
2596,44.12639572398621
2597,44.143174989003455
2598,44.15997425900423
2599,44.176776498992695
2600,44.19357055198634
2601,44.21037307698862
2602,44.22714285898837
2603,44.244001259998186
2604,44.26076523098163
2605,44.27753672399558
2606,44.294334356993204
2607,44.311136475997046
2608,44.328020757006016
2609,44.344756589998724
2610,44.36155802398571
2611,44.37837328700698
2612,44.39526327000931
2613,44.411935074982466
2614,44.42876462798449
2615,44.44556313898647
2616,44.462353909999365
2617,44.479143242991995
2618,44.49593750000349
2619,44.51274897099938
2620,44.529543716984335
2621,44.54633792300592
2622,44.563131342991255
2623,44.57993547100341
2624,44.59669541599578
2625,44.61353433798649
2626,44.630391560000135
2627,44.64712175598834
2628,44.66391241500969
2629,44.68071650399361
2630,44.69751298200572
2631,44.71429214099771
2632,44.731115859001875
2633,44.74791836499935
2634,44.76473910198547
2635,44.78152462799335
2636,44.798321054986445
2637,44.815126953006256
2638,44.83191356700263
2639,44.8486921020085
2640,44.865539635007735
2641,44.882298976008315
2642,44.89913380899816
2643,44.915973372000735
2644,44.932693296985235
2645,44.949688294000225
2646,44.96632901599514
2647,44.98315272698528
2648,44.99987968799542
2649,45.01670402800664
2650,45.03359042998636
2651,45.05033050000202
2652,45.06709338998189
2653,45.08386662698467
2654,45.1007269769907
2655,45.11753019900061
2656,45.13428907599882
2657,45.15112130498164
2658,45.16791583300801
2659,45.184712557995226
2660,45.20146320198546
2661,45.21826438198332
2662,45.23506813298445
2663,45.25185999798123
2664,45.268805194005836
2665,45.2854761829949
2666,45.30231069299043
2667,45.31908881600248
2668,45.3358926140063
2669,45.352761368994834
2670,45.369517630984774
2671,45.38643804899766
2672,45.40315933799138
2673,45.419900813983986
2674,45.43675595798413
2675,45.45349266799167
2676,45.47030738499598
2677,45.48710995199508
2678,45.50391763198422
2679,45.52068559298641
2680,45.5375115039933
2681,45.55429914299748
2682,45.57116592800594
2683,45.5878607959894
2684,45.60469277200173
2685,45.62148696600343
2686,45.6383323869959
2687,45.65508047500043
2688,45.671871872997144
2689,45.688829010003246
2690,45.705479424999794
2691,45.7222229760082
2692,45.73920019398793
2693,45.75585338898236
2694,45.772658868983854
2695,45.789449187985156
2696,45.80625215600594
2697,45.823045670986176
2698,45.83994632298709
2699,45.8566844239831
2700,45.873472948995186
2701,45.890247040981194
2702,45.90705675398931
2703,45.92380578300799
2704,45.94064178800909
2705,45.95741344400449
2706,45.97421876899898
2707,45.99101222198806
2708,46.007832261995645
2709,46.02465960098198
2710,46.041434093989665
2711,46.05823149700882
2712,46.07502942500287
2713,46.09182520699687
2714,46.10866327700205
2715,46.12542381399544
2716,46.14222097399761
2717,46.159024019987555
2718,46.175807983992854
2719,46.19264796099742
2720,46.20955371900345
2721,46.226220679993276
2722,46.242990166996606
2723,46.25977835198864
2724,46.27682756900322
2725,46.29339692098438
2726,46.310318770993035
2727,46.326994250004645
2728,46.34389831300359
2729,46.36062716998276
2730,46.377433688991005
2731,46.39430663100211
2732,46.411000367981615
2733,46.42782736098161
2734,46.44465604700963
2735,46.46141199299018
2736,46.47817781500635
2737,46.49498008398223
2738,46.51177692800411
2739,46.52860463599791
2740,46.545384992001345
2741,46.56221021199599
2742,46.57897599399439
2743,46.59580702500534
2744,46.61262197000906
2745,46.62940107900067
2746,46.646306782989996
2747,46.66296330199111
2748,46.67980202799663
2749,46.69657803600421
2750,46.71334340298199
2751,46.73016092099715
2752,46.74694788400666
2753,46.76390977099072
2754,46.780720181996
2755,46.79739077098202
2756,46.81419978500344
2757,46.830975636985386
2758,46.84779018900008
2759,46.86456398200244
2760,46.881383397005266
2761,46.8982160440064
2762,46.914981132984394
2763,46.93177799298428
2764,46.9485822179995
2765,46.965375142986886
2766,46.98217961998307
2767,46.998977840004954
2768,47.015851703996304
2769,47.03259347498533
2770,47.04938388298615
2771,47.06618893798441
2772,47.08310192098725
2773,47.099874660983915
2774,47.1166017279902
2775,47.13337077698088
2776,47.15012068799115
2777,47.16695652200724
2778,47.18369446898578
2779,47.20054213600815
2780,47.21735136499046
2781,47.23415902099805
2782,47.25096154998755
2783,47.26789271400776
2784,47.284585466986755
2785,47.301355547999265
2786,47.31814781599678
2787,47.3349454519921
2788,47.35174817199004
2789,47.36857603499084
2790,47.38534460900701
2791,47.40214268298587
2792,47.41893677599728
2793,47.43571078000241
2794,47.45252647899906
2795,47.46935573100927
2796,47.486181774991564
2797,47.50320838598418
2798,47.51983831098187
2799,47.536562080000294
2800,47.55352068398497
2801,47.57013768100296
2802,47.58693037700141
2803,47.60384923600941
2804,47.62057022500085
2805,47.637345842988
2806,47.65412170198397
2807,47.67092765698908
2808,47.687719148001634
2809,47.704546919005224
2810,47.72132158500608
2811,47.73812988199643
2812,47.75501975699444
2813,47.77184593299171
2814,47.78867557999911
2815,47.80546880100155
2816,47.822209662001114
2817,47.83892869699048
2818,47.85573035699781
2819,47.872554522997234
2820,47.88931343998411
2821,47.906086036993656
2822,47.92296070698649
2823,47.93974851598614
2824,47.956504062982276
2825,47.973281307989964
2826,47.99005054900772
2827,48.006881565001095
2828,48.02381022198824
2829,48.040641656989465
2830,48.05730049498379
2831,48.07413960399572
2832,48.09089838300133
2833,48.107705925998744
2834,48.12453325599199
2835,48.14139398300904
2836,48.15812452000682
2837,48.17486282598111
2838,48.191652590991
2839,48.20863932700013
2840,48.2252570889832
2841,48.242171710997354
2842,48.25897289899876
2843,48.27577985098469
2844,48.29262006498175
2845,48.30936125200242
2846,48.32609649098595
2847,48.34285817298223
2848,48.359636423992924
2849,48.376610590989
2850,48.39323786200839
2851,48.41004737300682
2852,48.42684240100789
2853,48.44364129699534
2854,48.460453378007514
2855,48.47722498798976
2856,48.49412630900042
2857,48.51079911398119
2858,48.527604497998254
2859,48.5444705139962
2860,48.561237454006914
2861,48.57803632100695
2862,48.59483892499702
2863,48.611772481002845
2864,48.6284765379969
2865,48.64524315300514
2866,48.66199034600868
2867,48.67901434900705
2868,48.6957552919921
2869,48.7126172859862
2870,48.729220231005456
2871,48.74616511599743
2872,48.76282078798977
2873,48.77978206099942
2874,48.79648156699841
2875,48.81340123098926
2876,48.83013149999897
2877,48.8468254559848
2878,48.86358576398925
2879,48.880477839993546
2880,48.89719590198365
2881,48.91399742299109
2882,48.93089658598183
2883,48.94768315998954
2884,48.964432006003335
2885,48.98119295199285
2886,48.99796494600014
2887,49.014781398000196
2888,49.0315280869836
2889,49.048452376009664
2890,49.06523876800202
2891,49.082032567996066
2892,49.0987768759951
2893,49.11557291800273
2894,49.13242953098961
2895,49.14916817698395
2896,49.16602524998598
2897,49.18278467099299
2898,49.199591312994016
2899,49.21642875598627
2900,49.233181913004955
2901,49.24996143899625
2902,49.26678161599557
2903,49.28362986599677
2904,49.300413671997376
2905,49.31718829300371
2906,49.33397426598822
2907,49.35077811399242
2908,49.367619869997725
2909,49.384403742005816
2910,49.40118198399432
2911,49.41806042098324
2912,49.43477072499809
2913,49.45157118100906
2914,49.468399509001756
2915,49.485150241991505
2916,49.502089485991746
2917,49.518870047992095
2918,49.535673467005836
2919,49.55253215398989
2920,49.56920194698614
2921,49.58608764500241
2922,49.602740978007205
2923,49.61955173499882
2924,49.63641930298763
2925,49.65314478898654
2926,49.66992744500749
2927,49.68674186299904
2928,49.70367191499099
2929,49.72040805299184
2930,49.73717147600837
2931,49.753978922992246
2932,49.77086103000329
2933,49.78767588199116
2934,49.80436981000821
2935,49.82127911000862
2936,49.83806637499947
2937,49.85487162499339
2938,49.87155432198779
2939,49.88840162300039
2940,49.905180155998096
2941,49.92194592798478
2942,49.93872923500021
2943,49.955531715997495
2944,49.97233981700265
2945,49.98910412599798
2946,50.005927163001616
2947,50.022717685002135
2948,50.03951686999062
2949,50.056348243990215
2950,50.073096893000184
2951,50.08999816598953
2952,50.10678771600942
2953,50.123567904985975
2954,50.14039391299593
2955,50.15712968999287
2956,50.174018995981896
2957,50.19082715999684
2958,50.20763558798353
2959,50.22437441398506
2960,50.24114815599751
2961,50.2580079259933
2962,50.27477313199779
2963,50.29151189699769
2964,50.30829013400944
2965,50.325082413997734
2966,50.34190755599411
2967,50.35880476699094
2968,50.375499354006024
2969,50.39234550698893
2970,50.409108407009626
2971,50.425934064987814
2972,50.44270250399131
2973,50.45950235798955
2974,50.476324739982374
2975,50.493121571984375
2976,50.509906571009196
2977,50.52670995198423
2978,50.54350156898727
2979,50.56034189398633
2980,50.57710736399167
2981,50.59389069900499
2982,50.61081656900933
2983,50.62748332298361
2984,50.644313709985
2985,50.66107678899425
2986,50.677883025986375
2987,50.69468331898679
2988,50.71147454698803
2989,50.72831084698555
2990,50.745082876004744
2991,50.7618853909953
2992,50.7786821280024
2993,50.795467032003216
2994,50.81231005498557
2995,50.82906154898228
2996,50.84585456899367
2997,50.86265093399561
2998,50.87942596300854
2999,50.89628884298145
3000,50.91303182399133
3001,50.92983265398652
3002,50.946643239993136
3003,50.96344976400724
3004,50.98028405298828
3005,50.99704180500703
3006,51.01385129900882
3007,51.03064756700769
3008,51.04743494599825
3009,51.06427052398794
3010,51.08114940999076
3011,51.09797461499693
3012,51.114768908999395
3013,51.13146848799079
3014,51.14832206099527
3015,51.16503560799174
3016,51.18197805000818
3017,51.198636376997456
3018,51.215484134998405
3019,51.232316045003245
3020,51.24899950699182
3021,51.26584313399508
3022,51.28272930800449
3023,51.299511143006384
3024,51.31627735198708
3025,51.33301646000473
3026,51.349812323984224
3027,51.36662378098117
3028,51.38347513298504
3029,51.40028608299326
3030,51.41698133398313
3031,51.4337897360092
3032,51.45063752599526
3033,51.46740881900769
3034,51.48422960698372
3035,51.50101097198785
3036,51.51777035498526
3037,51.534730176994344
3038,51.551532846002374
3039,51.56837316098972
3040,51.58508960698964
3041,51.601921916997526
3042,51.61872984198271
3043,51.63547314700554
3044,51.65224803300225
3045,51.669171585002914
3046,51.68599327999982
3047,51.70258790999651
3048,51.71941659899312
3049,51.73623591399519
3050,51.75300418699044
3051,51.769844958995236
3052,51.7865689159953
3053,51.80335940999794
3054,51.82022565900115
3055,51.83698605699465
3056,51.85379761600052
3057,51.870589889003895
3058,51.88735899000312
3059,51.904401520994725
3060,51.92110343198874
3061,51.93790713898488
3062,51.95467425399693
3063,51.971375967987115
3064,51.98818703799043
3065,52.00494786299532
3066,52.0217388139863
3067,52.03853466300643
3068,52.05533208500128
3069,52.072178159985924
3070,52.088979583990294
3071,52.10576889300137
3072,52.122527997009456
3073,52.13934053099365
3074,52.15615234800498
3075,52.17294396099169
3076,52.18974319999688
3077,52.20655917399563
3078,52.22336187999463
3079,52.24023360200226
3080,52.25691234599799
3081,52.27389717899496
3082,52.29054617899237
3083,52.30734818399651
3084,52.32419881899841
3085,52.340965855983086
3086,52.35777705500368
3087,52.37456878100056
3088,52.39136092600529
3089,52.40822009998374
3090,52.424940641998546
3091,52.44188619998749
3092,52.45853916098713
3093,52.47531871800311
3094,52.492207497998606
3095,52.508976370998425
3096,52.52569647700875
3097,52.54252053698292
3098,52.559341757994844
3099,52.576352461008355
3100,52.592969204997644
3101,52.609739957988495
3102,52.62656294400222
3103,52.643343653995544
3104,52.6602336599899
3105,52.676957385003334
3106,52.69375601800857
3107,52.710487845004536
3108,52.72735333399032
3109,52.74419688299531
3110,52.76092014898313
3111,52.7778466049931
3112,52.79454395500943
3113,52.811445878993254
3114,52.8281166270026
3115,52.84488395100925
3116,52.861778983991826
3117,52.87854099200922
3118,52.89537225899403
3119,52.91214946098626
3120,52.9289001020079
3121,52.94572810700629
3122,52.96253337999224
3123,52.97932366398163
3124,52.996149427985074
3125,53.01317593100248
3126,53.029722824983764
3127,53.04651851000381
3128,53.06328370698611
3129,53.080201798002236
3130,53.09685948700644
3131,53.1137183829851
3132,53.130620976007776
3133,53.14740446998621
3134,53.16425285898731
3135,53.180876242986415
3136,53.19766343498486
3137,53.21449264700641
3138,53.23128240098595
3139,53.24811840799521
3140,53.26482182199834
3141,53.28165080098552
3142,53.29847908599186
3143,53.31528183698538
3144,53.33207426298759
3145,53.34884693598724
3146,53.36564378300682
3147,53.38256946098409
3148,53.39930217998335
3149,53.416231576993596
3150,53.43296525999904
3151,53.44984202799969
3152,53.46658482498606
3153,53.48327244899701
3154,53.500049400987336
3155,53.516816761984956
3156,53.533654305996606
3157,53.550443558982806
3158,53.56723955599591
3159,53.58405580199906
3160,53.6008734619827
3161,53.61789113699342
3162,53.63447077199817
3163,53.65139230899513
3164,53.668051394983195
3165,53.68484770899522
3166,53.70164586798637
3167,53.718451624008594
3168,53.735243281989824
3169,53.75202961798641
3170,53.76882966098492
3171,53.78566042598686
3172,53.80252799598384
3173,53.81934923899826
3174,53.83616526398691
3175,53.852832525008125
3176,53.8696556710056
3177,53.88646291499026
3178,53.90335599699756
3179,53.92002073698677
3180,53.93685022398131
3181,53.95373837000807
3182,53.97044929000549
3183,53.98719653399894
3184,54.00401375698857
3185,54.02082696498837
3186,54.03760301499278
3187,54.05443880299572
3188,54.07118671698845
3189,54.08799549698597
3190,54.10481260000961
3191,54.12161640499835
3192,54.13840803698986
3193,54.155204053997295
3194,54.171981511986814
3195,54.18890095798997
3196,54.20557032999932
3197,54.22240007700748
3198,54.23920256900601
3199,54.25597647399991
3200,54.27277874399442
3201,54.28960015298799
3202,54.306490104005206
3203,54.32318587100599
3204,54.34008640999673
3205,54.356794616993284
3206,54.37361562700244
3207,54.390346359985415
3208,54.407207554002525
3209,54.423992783995345
3210,54.440792274981504
3211,54.45765048300382
3212,54.47438533499371
3213,54.49118272398482
3214,54.507975349988556
3215,54.52489364799112
3216,54.54156240800512
3217,54.558368998987135
3218,54.575163077999605
3219,54.59205231099622
3220,54.60875935398508
3221,54.62555879098363
3222,54.642368917993736
3223,54.659170230006566
3224,54.675954367994564
3225,54.6927928320074
3226,54.709596114000306
3227,54.72639748099027
3228,54.74315271398518
3229,54.7600627829961
3230,54.77678145800019
3231,54.79358243898605
3232,54.81035938198329
3233,54.82716630198411
3234,54.843957863980904
3235,54.86076279100962
3236,54.87756298898603
3237,54.8943839900021
3238,54.911214380990714
3239,54.92803515898413
3240,54.944810857996345
3241,54.961580990988296
3242,54.97846447399934
3243,54.99516869999934
3244,55.01208844300709
3245,55.02878083399264
3246,55.045504434994655
3247,55.06231223299983
3248,55.079177106992574
3249,55.09595955800614
3250,55.112801012001
3251,55.129561515001114
3252,55.1463755859877
3253,55.16326775299967
3254,55.18005063998862
3255,55.19687575098942
3256,55.21363285800908
3257,55.23045497899875
3258,55.24726346600801
3259,55.26407204498537
3260,55.2808661070012
3261,55.297554126009345
3262,55.31446284300182
3263,55.33112293400336
3264,55.34792198298965
3265,55.364729627006454
3266,55.38155889700283
3267,55.3983161879878
3268,55.415122323989635
3269,55.43190138798673
3270,55.44877103698673
3271,55.46550143099739
3272,55.48230828699889
3273,55.49924542600638
3274,55.515929207002046
3275,55.53270131099271
3276,55.549528684001416
3277,55.56628558598459
3278,55.583125098986784
3279,55.599988128000405
3280,55.616674974997295
3281,55.633516609988874
3282,55.65032595398952
3283,55.66711582799326
3284,55.683994983002776
3285,55.7007224909903
3286,55.71748689599917
3287,55.7343256919994
3288,55.75120727499598
3289,55.76801724699908
3290,55.78484369200305
3291,55.80148860099143
3292,55.81828270299593
3293,55.83508697300567
3294,55.85187836000114
3295,55.86880961799761
3296,55.885480445984285
3297,55.902282388007734
3298,55.91907826700481
3299,55.935871653986396
3300,55.95268951298203
3301,55.96946623799158
3302,55.98629844599054
3303,56.00306320699747
3304,56.020007704995805
3305,56.03680255700601
3306,56.05365971499123
3307,56.07028746700962
3308,56.0871628439927
3309,56.103861734009115
3310,56.1206873159972
3311,56.13744836798287
3312,56.154254728986416
3313,56.17117545299698
3314,56.18788249898353
3315,56.20476805898943
3316,56.22148346499307
3317,56.23828386099194
3318,56.25505886998144
3319,56.271849544980796
3320,56.28866354600177
3321,56.30540842199116
3322,56.32222284300951
3323,56.33903046298656
3324,56.35581444000127
3325,56.37267467298079
3326,56.3894450450025
3327,56.40635943398229
3328,56.42304101100308
3329,56.43980980798369
3330,56.45665620599175
3331,56.47355962599977
3332,56.49020215298515
3333,56.50699472500128
3334,56.52400930199656
3335,56.54066627798602
3336,56.557431553985225
3337,56.57423001600546
3338,56.5910309109895
3339,56.60791173999314
3340,56.624635749991285
3341,56.64141971600475
3342,56.65821689198492
3343,56.675028551981086
3344,56.691819803992985
3345,56.70860699698096
3346,56.72539800600498
3347,56.74219772400102
3348,56.75900951400399
3349,56.77583854398108
3350,56.79278072700254
3351,56.80955884399009
3352,56.82623284400324
3353,56.84303533798084
3354,56.85980499399011
3355,56.876657879009144
3356,56.893439360981574
3357,56.9101728189853
3358,56.92699262898532
3359,56.943837744009215
3360,56.960622732993215
3361,56.977468650991796
3362,56.99417722198996
3363,57.010980335006025
3364,57.02781811900786
3365,57.044613207981456
3366,57.061572735983646
3367,57.078181235992815
3368,57.09501850299421
3369,57.11179806300788
3370,57.12860927300062
3371,57.145509189984296
3372,57.16225936499541
3373,57.17897532999632
3374,57.195813386002555
3375,57.21260517599876
3376,57.22937377699418
3377,57.246300578000955
3378,57.26301092500216
3379,57.27983619898441
3380,57.29673479698249
3381,57.313450811983785
3382,57.33021471599932
3383,57.346944641991286
3384,57.36374872998567
3385,57.38061108900001
3386,57.39737195998896
3387,57.41417283398914
3388,57.430938685982255
3389,57.44777582300594
3390,57.46454217098653
3391,57.481377361982595
3392,57.49824165098835
3393,57.51499458999024
3394,57.531759778998094
3395,57.548595378990285
3396,57.565328533994034
3397,57.58214191600564
3398,57.59894009900745
3399,57.61573679398862
3400,57.63257591298316
3401,57.649457781983074
3402,57.666133368999
3403,57.682956818985986
3404,57.69976282599964
3405,57.716536802996416
3406,57.733317904989235
3407,57.7501403990027
3408,57.76694539998425
3409,57.78373340598773
3410,57.800582633004524
3411,57.81733643298503
3412,57.8341717539879
3413,57.85093016800238
3414,57.867894194001565
3415,57.88457138900412
3416,57.90132767500472
3417,57.91824802500196
3418,57.93493211900932
3419,57.951726644008886
3420,57.968571928999154
3421,57.98540688000503
3422,58.00221818499267
3423,58.01888727300684
3424,58.035773715993855
3425,58.05255822499748
3426,58.06931631299085
3427,58.086120188992936
3428,58.102917373005766
3429,58.11971485000686
3430,58.136547150003025
3431,58.15332398400642
3432,58.17011931698653
3433,58.18688464598381
3434,58.20370732599986
3435,58.22053595399484
3436,58.237304477981525
3437,58.25410171598196
3438,58.27086862598662
3439,58.287674760998925
3440,58.304534420982236
3441,58.321390469005564
3442,58.338095779006835
3443,58.35488187998999
3444,58.37168822999229
3445,58.38850727499812
3446,58.4052771969873
3447,58.42215873999521
3448,58.438865470001474
3449,58.455810608982574
3450,58.47249854099937
3451,58.489266080985544
3452,58.50615274999291
3453,58.523042391985655
3454,58.539662449009484
3455,58.556506013002945
3456,58.57327253400581
3457,58.590075196989346
3458,58.60685340198688
3459,58.62369396298891
3460,58.64048020300106
3461,58.65725077499519
3462,58.674053316004574
3463,58.69084975798614
3464,58.70766419699066
3465,58.724499392003054
3466,58.741233802982606
3467,58.75803911400726
3468,58.77486348798266
3469,58.791656313987914
3470,58.80849723899155
3471,58.82526233699173
3472,58.84206183999777
3473,58.85882123900228
3474,58.87571842898615
3475,58.89249512398965
3476,58.90928048800561
3477,58.92610697299824
3478,58.94295680598589
3479,58.95962520700414
3480,58.97650519499439
3481,58.99339348298963
3482,59.01013863700791
3483,59.02680641398183
3484,59.04365745099494
3485,59.06056989898207
3486,59.07725400198251
3487,59.09405389899621
3488,59.11082006699871
3489,59.127648850000696
3490,59.144486648991005
3491,59.161250495992135
3492,59.17803115598508
3493,59.19479637098266
3494,59.21160177298589
3495,59.22846590098925
3496,59.2453542239964
3497,59.26200650000828
3498,59.278834124008426
3499,59.295620413991855
3500,59.312513092008885
3501,59.329186905990355
3502,59.3460306339839
3503,59.36280588898808
3504,59.37958091899054
3505,59.396449027000926
3506,59.41321166799753
3507,59.43000261200359
3508,59.44677673300612
3509,59.463652824983
3510,59.480610036000144
3511,59.49722850098624
3512,59.5140043690044
3513,59.53076510998653
3514,59.54759301399463
3515,59.56441728299251
3516,59.58123814599821
3517,59.598065267986385
3518,59.61487642300199
3519,59.63168086699443
3520,59.64847540500341
3521,59.66525330199511
3522,59.682076180004515
3523,59.69883645098889
3524,59.71558012298192
3525,59.73243733699201
3526,59.74919508700259
3527,59.76599188498221
3528,59.78278952999972
3529,59.79966582998168
3530,59.816454309009714
3531,59.83319070498692
3532,59.84998295200057
3533,59.866758594987914
3534,59.88354450499173
3535,59.900411576003535
3536,59.91713738598628
3537,59.93393633200321
3538,59.95076747998246
3539,59.96755797500373
3540,59.984371923987055
3541,60.001131872006226
3542,60.017976340983296
3543,60.034769428981235
3544,60.05158005899284
3545,60.06841465600883
3546,60.085167626006296
3547,60.1019265060022
3548,60.11874708600226
3549,60.135560947004706
3550,60.15238574999967
3551,60.16914147499483
3552,60.18597632099409
3553,60.20284816599451
3554,60.219585829996504
3555,60.236448395997286
3556,60.25317532199551
3557,60.26995203999104
3558,60.28687875298783
3559,60.30355082199094
3560,60.320388438994996
3561,60.33715085699805
3562,60.35394509800244
3563,60.37074162700446
3564,60.38749978400301
3565,60.404400350002106
3566,60.42116223598714
3567,60.43789570199442
3568,60.454725569987204
3569,60.471530557988444
3570,60.48835716000758
3571,60.5051141520089
3572,60.52190644200891
3573,60.53889684000751
3574,60.555519710993394
3575,60.57236540300073
3576,60.58912328700535
3577,60.60591779398965
3578,60.622724824992474
3579,60.63951748199179
3580,60.65635833100532
3581,60.67318631298258
3582,60.68993138198857
3583,60.70674233199679
3584,60.72353670999291
3585,60.740356652997434
3586,60.7570765609853
3587,60.773877189989435
3588,60.79067011500592
3589,60.80747279798379
3590,60.824370958987856
3591,60.841215132997604
3592,60.858024732006015
3593,60.87479562498629
3594,60.891691689990694
3595,60.90831472398713
3596,60.92519214798813
3597,60.94189510398428
3598,60.95886637698277
3599,60.97548150099465
3600,60.99230410598102
3601,61.00910999698681
3602,61.02584914400359
3603,61.04274077198352
3604,61.05950583599042
3605,61.07630243699532
3606,61.09308747999603
3607,61.10986574998242
3608,61.12667029799195
3609,61.143461497005774
3610,61.1603702789871
3611,61.17705758000375
3612,61.193873387004714
3613,61.21066934900591
3614,61.22759203900932
3615,61.24441946600564
3616,61.26105242900667
3617,61.277870096993865
3618,61.29468090098817
3619,61.311462495999876
3620,61.32830614599516
3621,61.3451424149971
3622,61.36184608199983
3623,61.37863885299885
3624,61.39546341999085
3625,61.41228721299558
3626,61.42915866000112
3627,61.44585849600844
3628,61.46293726700242
3629,61.47943871800089
3630,61.49624680398847
3631,61.51303906898829
3632,61.529855455999495
3633,61.546643437992316
3634,61.56345130500267
3635,61.58024694499909
3636,61.59704188600881
3637,61.61397526800283
3638,61.6306886599923
3639,61.64750025499961
3640,61.66430913400836
3641,61.681012090994045
3642,61.697817562991986
3643,61.71459184898413
3644,61.73140170998522
3645,61.74827533500502
3646,61.76520168199204
3647,61.7818143159966
3648,61.79862567599048
3649,61.815449055982754
3650,61.832324455986964
3651,61.84905926900683
3652,61.865844340994954
3653,61.882612396002514
3654,61.89953915798105
3655,61.916376999986824
3656,61.93313009900157
3657,61.94984588198713
3658,61.966819202003535
3659,61.98353677499108
3660,62.00028497900348
3661,62.01705079400563
3662,62.03381471600733
3663,62.05061009700876
3664,62.067420209001284
3665,62.08423492999282
3666,62.10101358999964
3667,62.11778931799927
3668,62.13461682200432
3669,62.151387118006824
3670,62.16825386098935
3671,62.18500452398439
3672,62.201939425984165
3673,62.21859722500085
3674,62.23540849398705
3675,62.25221335500828
3676,62.26900272400235
3677,62.28577955599758
3678,62.30261918800534
3679,62.319508705986664
3680,62.33625330100767
3681,62.35298380299355
3682,62.36979076699936
3683,62.38658655798645
3684,62.40337195698521
3685,62.42022006699699
3686,62.43709141598083
3687,62.453786278987536
3688,62.47057352098636
3689,62.48739846900571
3690,62.504261050984496
3691,62.521000873995945
3692,62.53779757398297
3693,62.554536804003874
3694,62.571365281008184
3695,62.58822627100744
3696,62.604977955983486
3697,62.6217598390067
3698,62.63855921899085
3699,62.65535885700956
3700,62.67217858598451
3701,62.68896161799785
3702,62.705742160993395
3703,62.72253757400904
3704,62.73936423100531
3705,62.75617591899936
3706,62.77293932199245
3707,62.7897632039967
3708,62.806642079987796
3709,62.82335108600091
3710,62.8401685479912
3711,62.85695254598977
3712,62.87375316300313
3713,62.89055146300234
3714,62.90735446798499
3715,62.92415025198716
3716,62.94095338098123
3717,62.957714616000885
3718,62.974553078995086
3719,62.991425516986055
3720,63.00814950198401
3721,63.024983312003314
3722,63.041727848001756
3723,63.05853529099841
3724,63.07533801099635
3725,63.09216777200345
3726,63.10899428799166
3727,63.125728621002054
3728,63.142522720998386
3729,63.15934734098846
3730,63.176136166992364
3731,63.1929184239998
3732,63.209791280009085
3733,63.22649393498432
3734,63.243341677007265
3735,63.26012506298139
3736,63.27695033798227
3737,63.29376082800445
3738,63.310636968002655
3739,63.32748683699174
3740,63.344321137003135
3741,63.361002721008845
3742,63.37783509600558
3743,63.39450985498843
3744,63.41130353399785
3745,63.428207978984574
3746,63.444888155994704
3747,63.46177549898857
3748,63.47850601898972
3749,63.495291028986685
3750,63.512058674008586
3751,63.5288661159866
3752,63.54578670600313
3753,63.56254728598287
3754,63.57929970198893
3755,63.59606306999922
3756,63.612885812995955
3757,63.62968328798888
3758,63.64654078800231
3759,63.66337264698814
3760,63.68008519898285
3761,63.69688274199143
3762,63.71368000499206
3763,63.730483050982
3764,63.747263583994936
3765,63.76403870998183
3766,63.7808490509924
3767,63.79765031498391
3768,63.814591859001666
3769,63.83128425598261
3770,63.84808272798546
3771,63.86488697200548
3772,63.88170446100412
3773,63.89846917599789
3774,63.915270522993524
3775,63.93206778500462
3776,63.948872745997505
3777,63.96566982200602
3778,63.98245927100652
3779,63.99921645599534
3780,64.01622469499125
3781,64.03298034498584
3782,64.04965188298956
3783,64.06658423700719
3784,64.08337125100661
3785,64.10022611200111
3786,64.11702129300102
3787,64.13367966999067
3788,64.15057376300683
3789,64.1672701619973
3790,64.18403639798635
3791,64.20098023599712
3792,64.21766583999852
3793,64.2344414749823
